"日期","收盘","开盘","高","低","交易量","涨跌幅"
"2025-9-22","159.20","157.80","161.50","157.50","103.21M","0.06%"
"2025-9-19","159.10","158.90","162.80","156.60","138.83M","0.44%"
"2025-9-18","158.40","162.10","164.80","156.30","209.81M","-1.98%"
"2025-9-17","161.60","157.70","162.30","156.70","156.65M","5.28%"
"2025-9-16","153.50","154.00","156.80","152.50","111.09M","-0.71%"
"2025-9-15","154.60","150.40","156.80","150.10","146.19M","2.32%"
"2025-9-12","151.10","151.70","153.80","150.10","170.66M","5.44%"
"2025-9-11","143.30","140.90","146.50","139.10","174.46M","0.35%"
"2025-9-10","142.80","144.70","147.90","142.60","181.72M","0.63%"
"2025-9-9","141.90","138.60","142.80","138.00","181.12M","3.35%"
"2025-9-8","137.30","133.20","138.00","133.10","147.30M","4.17%"
"2025-9-5","131.80","128.50","133.00","128.10","127.45M","1.54%"
"2025-9-4","129.80","134.30","134.80","128.50","148.60M","-3.21%"
"2025-9-3","134.10","136.50","137.80","133.00","104.63M","-0.45%"
"2025-9-2","134.70","139.90","139.90","134.70","166.59M","-1.75%"
"2025-9-1","137.10","133.00","138.00","133.00","404.95M","18.50%"
"2025-8-29","115.70","116.80","119.00","115.70","110.43M","-0.09%"
"2025-8-28","115.80","119.10","119.30","115.60","171.96M","-4.69%"
"2025-8-27","121.50","121.30","124.30","121.00","114.21M","0.16%"
"2025-8-26","121.30","122.00","123.90","121.10","90.25M","-2.57%"
"2025-8-25","124.50","120.40","126.00","120.40","162.99M","5.51%"
"2025-8-22","118.00","115.50","118.30","115.30","73.60M","1.99%"
"2025-8-21","115.70","117.30","117.60","115.00","66.72M","-1.53%"
"2025-8-20","117.50","117.20","118.00","116.10","62.83M","-0.68%"
"2025-8-19","118.30","118.40","119.70","117.90","55.73M","-0.25%"
"2025-8-18","118.60","118.30","120.80","118.30","76.09M","0.42%"
"2025-8-15","118.10","119.30","119.80","117.80","110.54M","-3.04%"
"2025-8-14","121.80","124.80","125.20","121.00","83.92M","-1.54%"
"2025-8-13","123.70","120.00","123.80","119.20","150.50M","6.09%"
"2025-8-12","116.60","116.80","117.50","116.10","55.68M","-1.60%"
"2025-8-11","118.50","118.00","119.00","116.90","43.07M","1.89%"
"2025-8-8","116.30","118.60","118.60","116.10","60.37M","-2.43%"
"2025-8-7","119.20","119.10","119.80","117.90","66.85M","2.14%"
"2025-8-6","116.70","115.60","119.20","115.10","73.72M","0.60%"
"2025-8-5","116.00","116.10","116.30","114.60","52.37M","-0.17%"
"2025-8-4","116.20","115.50","116.70","114.70","50.52M","-0.60%"
"2025-8-1","116.90","117.80","119.30","116.70","75.03M","1.04%"
"2025-7-31","115.70","116.00","118.00","114.30","97.70M","-1.20%"
"2025-7-30","117.10","117.70","119.60","117.10","88.75M","-2.98%"
"2025-7-29","120.70","119.20","121.00","118.10","59.02M","0.08%"
"2025-7-28","120.60","119.50","121.70","118.90","69.22M","2.20%"
"2025-7-25","118.00","119.10","119.30","117.50","63.46M","-1.91%"
"2025-7-24","120.30","120.90","121.80","119.90","77.59M","-0.50%"
"2025-7-23","120.90","119.00","122.00","117.70","119.66M","2.46%"
"2025-7-22","118.00","117.70","118.20","116.00","63.35M","0.08%"
"2025-7-21","117.90","118.80","118.80","117.00","95.47M","1.81%"
"2025-7-18","115.80","115.30","116.30","114.40","83.11M","2.93%"
"2025-7-17","112.50","113.40","115.00","112.10","74.91M","-1.14%"
"2025-7-16","113.80","115.70","117.70","113.50","144.30M","0.26%"
"2025-7-15","113.50","106.50","113.70","106.50","195.49M","6.97%"
"2025-7-14","106.10","104.40","106.70","104.40","65.55M","0.95%"
"2025-7-11","105.10","103.30","106.90","103.30","115.98M","1.84%"
"2025-7-10","103.20","102.00","103.80","101.80","98.86M","0.29%"
"2025-7-9","102.90","106.10","106.30","102.70","134.14M","-3.83%"
"2025-7-8","107.00","104.70","107.60","104.20","81.93M","1.52%"
"2025-7-7","105.40","104.00","105.60","102.30","81.22M","0.29%"
"2025-7-4","105.10","105.20","106.40","103.10","106.81M","-1.04%"
"2025-7-3","106.20","108.80","109.60","105.20","155.40M","-2.93%"
"2025-7-2","109.40","111.70","112.00","108.70","88.25M","-0.36%"
"2025-6-30","109.80","111.50","112.00","109.80","90.19M","-2.05%"
"2025-6-27","112.10","112.60","113.50","111.40","75.94M","-0.09%"
"2025-6-26","112.20","113.00","113.30","112.10","86.86M","-2.86%"
"2025-6-25","115.50","115.00","116.20","113.60","79.34M","2.48%"
"2025-6-24","112.70","112.10","113.60","111.60","66.62M","1.71%"
"2025-6-23","110.80","110.00","111.10","108.60","68.54M","-0.81%"
"2025-6-20","111.70","111.00","111.70","110.00","106.84M","1.55%"
"2025-6-19","110.00","111.60","111.90","109.60","55.57M","-1.96%"
"2025-6-18","112.20","114.10","114.10","111.40","55.87M","-2.26%"
"2025-6-17","114.80","114.30","115.50","113.90","59.97M","1.68%"
"2025-6-16","112.90","111.10","113.80","110.30","73.90M","0.80%"
"2025-6-13","112.00","112.80","114.10","110.60","122.46M","-2.27%"
"2025-6-12","114.60","115.70","116.30","114.30","82.88M","-3.21%"
"2025-6-11","118.40","118.60","119.00","117.90","50.08M","0.45%"
"2025-6-10","117.87","119.46","119.55","116.68","54.32M","-0.42%"
"2025-6-9","118.36","117.07","119.36","116.68","84.32M","2.32%"
"2025-6-6","115.69","117.37","117.37","114.79","75.16M","-1.44%"
"2025-6-5","117.37","116.98","117.57","116.28","77.12M","3.23%"
"2025-6-4","113.70","112.31","114.69","111.72","73.22M","-0.17%"
"2025-6-3","113.90","113.20","114.40","112.90","59.26M","0.62%"
"2025-6-2","113.20","112.00","113.60","109.80","73.45M","-0.61%"
"2025-5-30","113.90","115.10","115.40","112.80","204.65M","-3.56%"
"2025-5-29","118.10","115.30","118.80","115.30","74.78M","2.07%"
"2025-5-28","115.70","118.20","118.50","115.20","68.08M","-1.95%"
"2025-5-27","118.00","116.00","118.20","115.10","52.88M","0.94%"
"2025-5-26","116.90","118.50","119.60","116.80","61.54M","-1.60%"
"2025-5-23","118.80","119.00","120.10","117.70","66.71M","-0.25%"
"2025-5-22","119.10","121.60","121.80","118.60","77.87M","-3.25%"
"2025-5-21","123.10","123.10","123.70","122.10","48.76M","1.15%"
"2025-5-20","121.70","120.00","122.60","119.20","63.60M","2.10%"
"2025-5-19","119.20","119.90","120.80","117.50","124.10M","-3.40%"
"2025-5-16","123.40","121.00","124.20","120.30","146.40M","-4.27%"
"2025-5-15","128.90","131.40","131.70","127.90","83.76M","-1.15%"
"2025-5-14","130.40","127.80","130.80","126.80","88.97M","3.41%"
"2025-5-13","126.10","131.00","131.00","125.60","110.68M","-3.89%"
"2025-5-12","131.20","126.10","131.90","124.90","163.63M","6.15%"
"2025-5-9","123.60","122.90","124.40","121.80","64.21M","1.73%"
"2025-5-8","121.50","120.80","123.70","120.30","70.07M","0.16%"
"2025-5-7","121.30","126.90","127.80","121.30","105.92M","-2.02%"
"2025-5-6","123.80","122.50","124.70","120.80","89.83M","1.48%"
"2025-5-2","122.00","119.20","123.10","118.10","72.75M","3.83%"
"2025-4-30","117.50","116.40","117.60","114.60","68.30M","2.17%"
"2025-4-29","115.00","115.70","117.40","114.20","63.94M","-0.17%"
"2025-4-28","115.20","117.80","117.80","114.40","67.37M","-0.35%"
"2025-4-25","115.60","116.20","117.90","114.90","82.13M","1.58%"
"2025-4-24","113.80","115.70","116.30","112.50","91.66M","-1.90%"
"2025-4-23","116.00","116.40","116.90","113.90","142.92M","5.45%"
"2025-4-22","110.00","108.40","111.50","107.20","118.99M","1.20%"
"2025-4-17","108.70","105.10","109.30","104.50","113.94M","3.13%"
"2025-4-16","105.40","107.00","107.50","104.00","116.44M","-4.09%"
"2025-4-15","109.90","111.80","111.80","108.60","103.93M","1.57%"
"2025-4-14","108.20","107.40","109.90","105.70","166.61M","5.05%"
"2025-4-11","103.00","103.00","106.60","101.50","178.69M","-1.72%"
"2025-4-10","104.80","108.00","110.40","104.40","239.47M","1.16%"
"2025-4-9","103.60","97.40","105.70","95.70","251.72M","1.07%"
"2025-4-8","102.50","105.70","106.30","97.55","291.75M","1.18%"
"2025-4-7","101.30","108.00","112.20","100.00","392.36M","-17.98%"
"2025-4-3","123.50","122.50","126.40","121.50","165.42M","-5.00%"
"2025-4-2","130.00","129.00","132.00","128.40","61.24M","0.15%"
"2025-4-1","129.80","129.10","131.50","128.90","59.19M","1.41%"
"2025-3-31","128.00","128.80","130.00","126.10","78.70M","-2.29%"
"2025-3-28","131.00","132.00","133.50","129.00","66.59M","0.69%"
"2025-3-27","130.10","129.40","133.00","128.30","63.40M","0.46%"
"2025-3-26","129.50","128.60","130.70","128.00","57.48M","1.41%"
"2025-3-25","127.70","130.70","132.10","127.60","104.04M","-3.84%"
"2025-3-24","132.80","132.00","134.10","130.40","90.78M","1.61%"
"2025-3-21","130.70","133.60","135.30","130.40","143.07M","-3.54%"
"2025-3-20","135.50","140.00","140.00","135.10","113.97M","-3.97%"
"2025-3-19","141.10","140.30","142.30","139.60","83.58M","-1.60%"
"2025-3-18","143.40","143.30","143.50","140.60","145.91M","5.83%"
"2025-3-17","135.50","137.60","139.00","135.10","72.54M","-0.22%"
"2025-3-14","135.80","134.50","137.60","132.80","108.67M","3.27%"
"2025-3-13","131.50","133.80","133.90","129.10","101.85M","-2.45%"
"2025-3-12","134.80","138.00","138.00","131.90","124.46M","0.90%"
"2025-3-11","133.60","127.80","134.80","127.70","157.70M","-0.67%"
"2025-3-10","134.50","137.20","138.70","133.60","179.07M","-3.93%"
"2025-3-7","140.00","137.80","145.90","137.20","250.70M","-0.57%"
"2025-3-6","140.80","138.00","141.50","137.30","198.86M","8.39%"
"2025-3-5","129.90","128.40","131.50","126.60","132.30M","1.64%"
"2025-3-4","127.80","126.60","129.30","124.50","133.78M","-1.99%"
"2025-3-3","130.40","129.80","134.50","128.60","164.14M","2.27%"
"2025-2-28","127.50","133.60","133.80","127.10","209.02M","-6.04%"
"2025-2-27","135.70","137.50","139.70","133.20","180.18M","-0.88%"
"2025-2-26","136.90","132.30","139.10","132.00","197.16M","4.82%"
"2025-2-25","130.60","125.10","133.30","125.00","234.42M","-3.76%"
"2025-2-24","135.70","138.90","140.90","134.30","222.54M","-2.02%"
"2025-2-21","138.50","133.00","139.60","131.00","329.40M","14.56%"
"2025-2-20","120.90","122.40","123.60","118.40","178.33M","-2.58%"
"2025-2-19","124.10","123.70","125.40","122.30","148.29M","-1.74%"
"2025-2-18","126.30","122.00","128.60","122.00","197.78M","3.36%"
"2025-2-17","122.20","124.90","129.50","118.80","293.60M","-1.53%"
"2025-2-14","124.10","116.90","124.30","116.80","267.12M","6.34%"
"2025-2-13","116.70","115.20","124.30","115.20","336.90M","2.55%"
"2025-2-12","113.80","109.20","113.90","109.10","215.32M","8.48%"
"2025-2-11","104.90","107.90","108.60","104.60","133.00M","-0.57%"
"2025-2-10","105.50","103.00","106.50","103.00","154.94M","5.50%"
"2025-2-7","100.00","98.00","100.90","97.70","111.04M","1.47%"
"2025-2-6","98.55","96.95","98.90","96.50","82.66M","1.03%"
"2025-2-5","97.55","99.00","99.65","95.30","130.27M","-0.10%"
"2025-2-4","97.65","96.80","97.95","94.75","119.03M","3.88%"
"2025-2-3","94.00","92.55","94.10","90.40","137.95M","6.46%"
"2025-1-28","88.30","88.50","88.50","87.65","28.19M","1.20%"
"2025-1-27","87.25","86.60","87.95","86.10","77.32M","2.95%"
"2025-1-24","84.75","83.75","85.00","83.00","56.00M","2.23%"
"2025-1-23","82.90","83.85","84.25","82.55","35.70M","0.85%"
"2025-1-22","82.20","83.30","83.90","81.65","50.02M","-3.07%"
"2025-1-21","84.80","85.80","85.95","83.90","45.38M","0.30%"
"2025-1-20","84.55","82.70","86.10","82.40","92.76M","4.71%"
"2025-1-17","80.75","80.00","80.75","79.60","40.61M","0.37%"
"2025-1-16","80.45","80.10","81.45","79.25","40.30M","0.63%"
"2025-1-15","79.95","79.10","80.15","79.10","34.73M","0.00%"
"2025-1-14","79.95","78.75","80.35","78.35","62.24M","2.37%"
"2025-1-13","78.10","78.50","78.55","77.35","47.08M","-1.88%"
"2025-1-10","79.60","80.90","81.20","79.50","49.18M","-1.24%"
"2025-1-9","80.60","80.90","81.60","80.45","38.86M","-0.37%"
"2025-1-8","80.90","81.60","82.25","80.40","51.03M","-0.61%"
"2025-1-7","81.40","82.15","82.45","80.50","57.81M","-0.91%"
"2025-1-6","82.15","83.15","83.35","81.90","36.26M","-0.54%"
"2025-1-3","82.60","83.10","83.75","82.00","57.86M","1.60%"
"2025-1-2","81.30","82.40","82.70","80.80","48.56M","-1.33%"
"2024-12-31","82.40","82.00","83.50","81.80","31.45M","0.49%"
"2024-12-30","82.00","82.35","82.95","81.55","39.01M","-0.43%"
"2024-12-27","82.35","83.00","83.35","81.35","44.01M","-0.96%"
"2024-12-24","83.15","82.30","83.95","82.15","46.60M","2.65%"
"2024-12-23","81.00","80.70","81.35","79.90","57.97M","1.12%"
"2024-12-20","80.10","81.80","82.25","79.35","132.89M","-3.44%"
"2024-12-19","82.95","82.70","83.45","82.05","56.26M","-1.31%"
"2024-12-18","84.05","84.85","84.85","83.65","35.98M","0.78%"
"2024-12-17","83.40","83.90","84.10","82.55","52.56M","-1.13%"
"2024-12-16","84.35","85.75","85.90","83.50","47.96M","-1.63%"
"2024-12-13","85.75","86.55","87.45","85.75","61.02M","-2.56%"
"2024-12-12","88.00","85.95","88.75","85.95","64.85M","2.09%"
"2024-12-11","86.20","87.30","87.70","86.15","51.95M","-0.46%"
"2024-12-10","86.60","91.25","91.40","86.55","97.40M","-0.35%"
"2024-12-9","86.90","82.75","87.25","82.65","90.09M","3.51%"
"2024-12-6","83.95","82.20","84.70","81.75","73.45M","2.44%"
"2024-12-5","81.95","82.80","83.15","81.65","66.63M","-2.44%"
"2024-12-4","84.00","83.35","84.25","82.60","57.90M","-0.53%"
"2024-12-3","84.45","83.70","84.80","82.85","45.04M","0.54%"
"2024-12-2","84.00","84.25","85.65","83.75","55.67M","0.42%"
"2024-11-29","83.65","82.90","84.80","82.85","36.16M","0.30%"
"2024-11-28","83.40","84.30","84.35","82.75","45.01M","-1.88%"
"2024-11-27","85.00","83.20","85.70","82.50","56.56M","1.98%"
"2024-11-26","83.35","81.80","84.45","81.80","78.16M","1.71%"
"2024-11-25","81.95","80.70","82.80","79.90","163.13M","1.55%"
"2024-11-22","80.70","83.60","84.05","80.20","110.11M","-4.38%"
"2024-11-21","84.40","84.35","84.95","83.60","45.74M","-0.41%"
"2024-11-20","84.75","84.80","85.25","83.50","70.39M","-0.59%"
"2024-11-19","85.25","86.95","87.45","84.70","68.82M","-1.22%"
"2024-11-18","86.30","86.85","87.15","85.30","70.10M","-1.03%"
"2024-11-15","87.20","88.00","88.75","87.00","49.18M","-0.85%"
"2024-11-14","87.95","89.15","90.45","87.65","67.26M","-2.87%"
"2024-11-13","90.55","89.45","90.90","89.45","63.57M","0.00%"
"2024-11-12","90.55","93.65","95.00","89.95","89.44M","-3.77%"
"2024-11-11","94.10","91.35","96.75","90.05","103.79M","0.11%"
"2024-11-8","94.00","98.00","99.50","94.00","74.79M","-1.73%"
"2024-11-7","95.65","93.80","96.15","93.25","57.48M","1.32%"
"2024-11-6","94.40","96.50","96.75","93.75","88.76M","-4.07%"
"2024-11-5","98.40","95.10","98.65","95.10","50.99M","2.45%"
"2024-11-4","96.05","95.60","96.45","95.20","31.01M","1.11%"
"2024-11-1","95.00","95.75","95.95","94.05","38.35M","0.48%"
"2024-10-31","94.55","95.35","96.80","94.55","47.21M","-1.36%"
"2024-10-30","95.85","96.15","97.15","95.20","51.47M","-1.74%"
"2024-10-29","97.55","97.35","99.20","96.85","57.00M","0.93%"
"2024-10-28","96.65","95.70","98.40","95.05","69.42M","1.36%"
"2024-10-25","95.35","95.00","97.20","94.60","53.44M","1.27%"
"2024-10-24","94.15","95.05","95.30","93.50","76.91M","-3.24%"
"2024-10-23","97.30","96.40","98.35","96.10","61.92M","0.05%"
"2024-10-22","97.25","97.60","98.70","96.10","48.72M","-0.56%"
"2024-10-21","97.80","100.20","100.80","96.55","63.51M","-2.69%"
"2024-10-18","100.50","97.65","102.50","95.30","119.10M","2.03%"
"2024-10-17","98.50","100.00","102.70","97.70","65.93M","-0.45%"
"2024-10-16","98.95","98.50","100.90","97.85","67.55M","-0.90%"
"2024-10-15","99.85","105.20","105.20","98.75","113.11M","-5.09%"
"2024-10-14","105.20","107.00","107.10","102.70","79.24M","-0.57%"
"2024-10-10","105.80","105.00","107.80","104.40","104.81M","2.82%"
"2024-10-9","102.90","107.20","107.70","99.65","177.76M","-1.53%"
"2024-10-8","104.50","111.30","111.80","103.00","252.17M","-8.81%"
"2024-10-7","114.60","114.20","116.90","113.00","105.04M","0.61%"
"2024-10-4","113.90","110.00","114.30","108.80","90.91M","3.55%"
"2024-10-3","110.00","113.00","113.00","106.50","138.39M","-4.43%"
"2024-10-2","115.10","110.40","118.70","110.40","179.68M","4.64%"
"2024-9-30","110.00","107.60","112.80","106.30","250.50M","7.32%"
"2024-9-27","102.50","102.00","104.90","100.40","198.34M","4.86%"
"2024-9-26","97.75","92.50","99.25","91.80","203.29M","7.06%"
"2024-9-25","91.30","95.00","95.00","90.60","159.78M","-0.76%"
"2024-9-24","92.00","89.15","92.20","88.05","141.96M","6.05%"
"2024-9-23","86.75","86.90","88.70","86.55","69.61M","-0.52%"
"2024-9-20","87.20","86.00","89.00","85.40","122.73M","1.75%"
"2024-9-19","85.70","82.85","86.50","82.50","109.11M","3.44%"
"2024-9-17","82.85","81.40","83.10","81.35","30.49M","1.04%"
"2024-9-16","82.00","81.85","82.30","81.40","26.56M","-0.91%"
"2024-9-13","82.75","83.50","84.65","82.25","59.20M","-0.54%"
"2024-9-12","83.20","82.55","83.90","82.35","83.67M","2.15%"
"2024-9-11","81.45","81.55","82.40","80.15","83.95M","-0.18%"
"2024-9-10","81.60","80.00","82.45","80.00","206.63M","4.21%"
"2024-9-9","78.30","78.80","79.40","77.65","79.25M","-1.88%"
"2024-9-5","79.80","80.30","80.85","79.20","29.21M","-0.37%"
"2024-9-4","80.10","79.40","80.40","79.00","28.55M","0.00%"
"2024-9-3","80.10","79.65","80.55","79.00","27.71M","0.75%"
"2024-9-2","79.50","81.35","81.45","79.40","53.67M","-2.39%"
"2024-8-30","81.45","78.70","82.05","78.40","109.67M","3.04%"
"2024-8-29","79.05","77.55","79.10","77.30","42.83M","-0.06%"
"2024-8-28","79.10","79.90","80.10","78.60","38.78M","-1.06%"
"2024-8-27","79.95","80.05","80.35","79.00","85.31M","-4.02%"
"2024-8-26","83.30","83.40","83.95","81.95","47.74M","0.79%"
"2024-8-23","82.65","81.65","82.85","81.10","43.58M","1.22%"
"2024-8-22","81.65","81.10","81.95","79.95","40.30M","2.13%"
"2024-8-21","79.95","78.40","79.95","78.30","51.46M","-0.56%"
"2024-8-20","80.40","81.70","81.75","79.95","42.54M","-1.29%"
"2024-8-19","81.45","81.30","82.65","81.20","58.68M","1.69%"
"2024-8-16","80.10","77.75","80.65","77.55","86.30M","4.84%"
"2024-8-15","76.40","77.65","77.95","75.50","69.31M","-2.43%"
"2024-8-14","78.30","78.85","79.35","78.05","35.58M","-0.45%"
"2024-8-13","78.65","78.60","79.15","78.00","31.99M","0.25%"
"2024-8-12","78.45","77.85","78.85","77.20","36.30M","0.77%"
"2024-8-9","77.85","78.10","78.95","77.85","37.94M","1.70%"
"2024-8-8","76.55","75.75","78.25","75.35","49.32M","0.07%"
"2024-8-7","76.50","76.00","77.50","75.75","39.39M","1.66%"
"2024-8-6","75.25","75.35","76.20","75.20","47.94M","1.42%"
"2024-8-5","74.20","74.15","75.80","72.80","49.55M","-1.53%"
"2024-8-2","75.35","76.00","76.75","74.85","36.16M","-2.77%"
"2024-8-1","77.50","77.20","78.00","76.80","38.91M","0.26%"
"2024-7-31","77.30","76.30","78.30","76.10","63.32M","1.44%"
"2024-7-30","76.20","76.65","76.95","75.60","42.71M","-0.46%"
"2024-7-29","76.55","74.80","77.30","74.75","74.41M","4.72%"
"2024-7-26","73.10","73.60","73.90","72.80","24.69M","-0.27%"
"2024-7-25","73.30","74.50","74.55","73.20","28.69M","-1.21%"
"2024-7-24","74.20","74.05","74.85","74.05","24.39M","0.13%"
"2024-7-23","74.10","75.15","75.20","74.00","29.40M","-0.87%"
"2024-7-22","74.75","73.80","75.20","73.70","33.90M","1.29%"
"2024-7-19","73.80","74.55","74.95","73.45","42.93M","-2.64%"
"2024-7-18","75.80","75.55","76.10","75.10","35.85M","-0.66%"
"2024-7-17","76.30","75.95","76.95","75.80","43.18M","1.06%"
"2024-7-16","75.50","75.70","75.95","75.10","33.29M","-1.50%"
"2024-7-15","76.65","77.20","77.95","76.35","40.32M","-2.23%"
"2024-7-12","78.40","76.40","78.70","76.40","65.80M","3.91%"
"2024-7-11","75.45","74.00","76.00","73.80","48.69M","3.21%"
"2024-7-10","73.10","73.70","74.60","73.10","35.94M","0.83%"
"2024-7-9","72.50","71.25","73.00","71.25","33.93M","0.97%"
"2024-7-8","71.80","72.05","72.65","71.45","41.07M","-1.51%"
"2024-7-5","72.90","73.10","73.80","72.75","30.46M","-0.34%"
"2024-7-4","73.15","73.40","73.95","73.00","30.49M","1.32%"
"2024-7-3","72.20","71.65","72.75","71.10","38.91M","2.48%"
"2024-7-2","70.45","69.80","72.00","69.80","43.28M","-0.07%"
"2024-6-28","70.50","70.60","71.60","70.50","39.39M","-1.47%"
"2024-6-27","71.55","72.00","72.60","71.25","37.69M","-1.78%"
"2024-6-26","72.85","71.70","73.45","71.70","29.07M","0.28%"
"2024-6-25","72.65","72.25","73.20","72.10","27.47M","0.83%"
"2024-6-24","72.05","71.05","72.10","71.00","32.16M","0.07%"
"2024-6-21","72.00","72.45","72.65","71.50","57.91M","-1.91%"
"2024-6-20","73.40","73.95","74.45","73.30","24.35M","-1.08%"
"2024-6-19","74.20","72.90","74.45","72.25","31.83M","2.91%"
"2024-6-18","72.10","72.50","73.40","71.85","34.57M","-0.55%"
"2024-6-17","72.50","71.85","73.00","71.15","35.42M","-0.41%"
"2024-6-14","72.80","73.75","73.90","72.25","61.96M","-2.28%"
"2024-6-13","74.50","75.30","75.35","73.70","51.38M","0.47%"
"2024-6-12","74.15","74.50","75.20","74.05","34.45M","-2.18%"
"2024-6-11","75.81","75.95","76.40","75.11","45.38M","-0.84%"
"2024-6-7","76.45","77.44","77.44","76.25","46.04M","0.00%"
"2024-6-6","76.45","77.44","77.79","76.00","39.12M","0.19%"
"2024-6-5","76.30","76.50","77.74","75.95","41.35M","0.72%"
"2024-6-4","75.76","75.36","76.20","75.26","30.44M","-0.33%"
"2024-6-3","76.00","75.86","76.85","75.81","74.00M","2.34%"
"2024-5-31","74.27","76.80","77.24","74.27","148.28M","-1.83%"
"2024-5-30","75.66","75.76","76.95","75.26","46.35M","-0.65%"
"2024-5-29","76.15","77.84","78.14","75.46","67.57M","-3.46%"
"2024-5-28","78.88","78.53","79.52","78.19","32.25M","0.38%"
"2024-5-27","78.58","78.24","78.98","77.24","39.04M","1.41%"
"2024-5-24","77.49","77.79","79.23","77.00","48.52M","-0.64%"
"2024-5-23","77.99","80.32","80.37","76.90","100.35M","-5.24%"
"2024-5-22","82.30","83.44","83.59","82.30","34.49M","-1.66%"
"2024-5-21","83.69","84.78","85.18","83.24","43.05M","-1.11%"
"2024-5-20","84.63","85.18","85.57","84.13","53.13M","-0.41%"
"2024-5-17","84.98","84.28","85.18","83.74","111.46M","7.53%"
"2024-5-16","79.03","78.63","80.32","78.14","111.04M","-3.57%"
"2024-5-14","81.95","81.31","82.75","81.31","78.16M","1.85%"
"2024-5-13","80.47","77.00","80.91","76.65","78.84M","4.11%"
"2024-5-10","77.29","76.85","78.09","76.45","47.30M","1.50%"
"2024-5-9","76.15","75.11","76.30","74.67","52.30M","0.85%"
"2024-5-8","75.51","77.59","77.79","74.91","54.00M","-2.43%"
"2024-5-7","77.39","78.38","78.68","76.75","45.45M","-1.82%"
"2024-5-6","78.83","78.83","78.93","77.84","56.22M","0.38%"
"2024-5-3","78.53","78.04","79.77","77.84","79.29M","4.07%"
"2024-5-2","75.46","72.88","76.10","72.73","68.36M","2.35%"
"2024-4-30","73.72","74.52","74.76","73.18","47.50M","0.00%"
"2024-4-29","73.72","73.67","75.36","73.48","55.37M","-1.26%"
"2024-4-26","74.67","72.58","75.06","72.58","76.97M","3.15%"
"2024-4-25","72.38","71.89","73.48","71.44","43.56M","0.69%"
"2024-4-24","71.89","70.65","72.38","70.15","64.63M","3.87%"
"2024-4-23","69.21","68.72","69.76","68.22","47.34M","1.97%"
"2024-4-22","67.87","67.03","68.86","67.03","42.77M","2.62%"
"2024-4-19","66.14","66.29","66.48","65.25","51.65M","-1.77%"
"2024-4-18","67.33","67.13","67.97","66.63","31.61M","-0.15%"
"2024-4-17","67.43","67.53","67.97","66.73","40.97M","-0.66%"
"2024-4-16","67.87","68.22","68.67","67.63","53.44M","-2.77%"
"2024-4-15","69.81","69.41","70.05","69.21","42.99M","-1.74%"
"2024-4-12","71.05","72.53","72.88","70.85","44.69M","-3.44%"
"2024-4-11","73.57","72.14","73.82","71.89","41.22M","0.34%"
"2024-4-10","73.33","70.70","73.97","70.70","87.69M","4.89%"
"2024-4-9","69.91","69.51","70.85","69.26","34.51M","0.14%"
"2024-4-8","69.81","69.31","70.40","68.67","29.32M","0.50%"
"2024-4-5","69.46","69.81","70.35","68.32","41.30M","-0.43%"
"2024-4-3","69.76","71.24","71.24","69.56","42.10M","-0.92%"
"2024-4-2","70.40","71.05","71.39","69.11","63.73M","1.07%"
"2024-3-28","69.66","68.77","71.10","68.77","63.28M","2.11%"
"2024-3-27","68.22","69.11","69.36","67.92","66.01M","-2.13%"
"2024-3-26","69.71","68.91","70.25","68.72","46.93M","0.00%"
"2024-3-25","69.71","69.56","70.35","69.21","42.50M","-0.99%"
"2024-3-22","70.40","71.59","71.79","69.51","46.66M","-2.14%"
"2024-3-21","71.94","71.89","72.63","71.64","38.99M","1.82%"
"2024-3-20","70.65","70.70","71.15","69.76","30.53M","0.21%"
"2024-3-19","70.50","70.65","71.10","70.00","38.33M","-1.25%"
"2024-3-18","71.39","70.55","71.89","70.55","29.95M","0.14%"
"2024-3-15","71.29","70.80","71.39","70.20","66.42M","-2.11%"
"2024-3-14","72.83","73.67","74.57","72.19","48.28M","-0.74%"
"2024-3-13","73.38","73.87","74.42","73.13","47.44M","-1.14%"
"2024-3-12","74.22","72.93","74.37","72.34","73.21M","2.82%"
"2024-3-11","72.19","71.54","72.58","71.49","37.03M","2.18%"
"2024-3-8","70.65","70.20","71.74","70.15","33.04M","0.78%"
"2024-3-7","70.10","71.44","72.04","69.51","42.53M","-1.60%"
"2024-3-6","71.24","69.96","72.09","69.71","56.16M","3.08%"
"2024-3-5","69.11","69.61","70.30","68.47","59.45M","-3.33%"
"2024-3-4","71.49","72.68","72.83","70.90","55.61M","-1.30%"
"2024-3-1","72.43","71.39","72.78","70.90","60.26M","0.21%"
"2024-2-29","72.29","72.14","73.48","71.79","49.33M","-1.82%"
"2024-2-28","73.62","74.96","75.56","73.48","42.58M","-1.66%"
"2024-2-27","74.86","73.82","75.21","72.53","40.44M","1.82%"
"2024-2-26","73.53","73.67","74.07","73.08","22.21M","-0.54%"
"2024-2-23","73.92","73.48","74.57","73.13","27.58M","-0.40%"
"2024-2-22","74.22","73.08","74.22","72.83","42.77M","2.67%"
"2024-2-21","72.29","70.80","73.57","70.55","51.98M","1.04%"
"2024-2-20","71.54","71.59","71.99","70.20","32.25M","0.91%"
"2024-2-19","70.90","71.89","72.09","70.90","29.32M","-2.05%"
"2024-2-16","72.38","71.19","72.78","70.75","52.34M","2.38%"
"2024-2-15","70.70","70.10","71.29","70.00","32.59M","0.71%"
"2024-2-14","70.20","68.12","70.35","67.72","42.05M","2.16%"
"2024-2-9","68.72","67.92","68.91","67.48","42.14M","-1.42%"
"2024-2-8","69.71","70.75","71.29","68.82","113.58M","-6.14%"
"2024-2-7","74.27","76.20","76.40","73.92","62.19M","-1.45%"
"2024-2-6","75.36","72.19","76.05","72.04","109.96M","7.57%"
"2024-2-5","70.05","68.47","70.90","68.47","38.57M","-0.07%"
"2024-2-2","70.10","71.39","72.14","69.46","34.67M","-0.49%"
"2024-2-1","70.45","69.61","72.04","69.16","50.42M","2.16%"
"2024-1-31","68.96","70.35","70.40","68.57","51.39M","-2.25%"
"2024-1-30","70.55","71.05","71.39","70.15","39.88M","-2.00%"
"2024-1-29","71.99","71.59","72.88","71.49","52.53M","2.40%"
"2024-1-26","70.30","71.79","71.99","69.66","60.52M","-3.34%"
"2024-1-25","72.73","72.38","73.08","71.29","64.65M","1.03%"
"2024-1-24","71.99","71.10","72.38","69.56","103.47M","7.32%"
"2024-1-23","67.08","66.04","68.77","65.74","74.57M","3.36%"
"2024-1-22","64.90","66.53","66.63","64.06","74.04M","-0.15%"
"2024-1-19","65.00","65.54","66.29","64.60","54.30M","-1.65%"
"2024-1-18","66.09","66.53","66.83","65.59","57.63M","1.52%"
"2024-1-17","65.10","67.43","67.43","64.55","68.28M","-4.02%"
"2024-1-16","67.82","68.27","69.41","67.48","42.68M","-2.29%"
"2024-1-15","69.41","69.51","70.20","68.82","19.97M","-0.78%"
"2024-1-12","69.96","69.81","71.15","69.51","28.18M","-0.42%"
"2024-1-11","70.25","68.82","71.29","68.47","44.86M","2.24%"
"2024-1-10","68.72","69.31","69.76","68.32","52.72M","-0.65%"
"2024-1-9","69.16","69.66","70.50","68.96","50.77M","-0.85%"
"2024-1-8","69.76","70.70","70.75","69.06","34.24M","-1.81%"
"2024-1-5","71.05","72.43","72.43","70.80","52.09M","-3.24%"
"2024-1-4","73.43","73.38","73.57","72.68","37.56M","1.02%"
"2024-1-3","72.68","72.78","72.78","71.99","37.53M","-1.87%"
"2024-1-2","74.07","75.46","75.56","73.53","28.57M","-1.19%"
"2023-12-29","74.96","75.36","75.41","74.42","26.30M","-0.33%"
"2023-12-28","75.21","73.18","75.51","73.03","49.31M","2.78%"
"2023-12-27","73.18","72.88","73.67","72.24","36.88M","2.71%"
"2023-12-22","71.24","73.57","74.17","71.05","59.40M","-2.04%"
"2023-12-21","72.73","71.64","72.93","71.39","34.24M","1.10%"
"2023-12-20","71.94","72.04","73.08","71.64","44.58M","1.26%"
"2023-12-19","71.05","71.24","71.54","70.55","31.97M","-0.62%"
"2023-12-18","71.49","71.29","72.19","71.10","37.72M","0.63%"
"2023-12-15","71.05","69.81","72.34","69.81","62.23M","3.69%"
"2023-12-14","68.52","68.96","70.00","68.02","45.00M","-0.43%"
"2023-12-13","68.82","68.42","69.21","68.27","27.83M","-1.00%"
"2023-12-12","69.51","68.47","69.61","68.27","37.92M","1.89%"
"2023-12-11","68.22","68.67","68.91","67.23","70.14M","-2.41%"
"2023-12-8","69.91","69.11","70.40","68.72","52.12M","1.15%"
"2023-12-7","69.11","68.82","69.36","68.07","39.82M","-0.64%"
"2023-12-6","69.56","69.41","70.25","68.82","74.53M","-0.50%"
"2023-12-5","69.91","70.20","70.45","69.31","56.33M","-0.42%"
"2023-12-4","70.20","71.74","71.94","69.96","78.42M","-1.46%"
"2023-12-1","71.24","71.99","72.43","71.05","93.69M","-1.24%"
"2023-11-30","72.14","71.89","72.38","71.05","85.24M","0.07%"
"2023-11-29","72.09","73.33","73.53","71.29","91.56M","-2.22%"
"2023-11-28","73.72","74.37","74.81","73.38","56.69M","-2.30%"
"2023-11-27","75.46","75.31","75.61","74.07","36.61M","-0.13%"
"2023-11-24","75.56","76.45","76.70","75.26","29.51M","-1.36%"
"2023-11-23","76.60","75.81","76.85","75.36","39.54M","0.52%"
"2023-11-22","76.20","75.90","76.55","75.46","47.28M","1.12%"
"2023-11-21","75.36","75.36","76.85","75.11","86.79M","2.08%"
"2023-11-20","73.82","74.17","74.62","72.98","109.10M","1.64%"
"2023-11-17","72.63","74.37","76.00","72.29","190.54M","-9.96%"
"2023-11-16","80.66","83.49","83.49","80.32","58.20M","-2.22%"
"2023-11-15","82.50","81.46","82.55","80.57","50.40M","5.05%"
"2023-11-14","78.53","79.57","79.77","78.43","28.96M","-1.80%"
"2023-11-13","79.97","79.33","80.42","78.43","31.02M","1.32%"
"2023-11-10","78.93","80.22","80.32","78.88","34.17M","-3.10%"
"2023-11-9","81.46","81.80","82.10","80.71","18.30M","-0.42%"
"2023-11-8","81.80","82.30","83.44","81.61","22.21M","-0.78%"
"2023-11-7","82.45","83.69","84.04","82.05","24.60M","-2.00%"
"2023-11-6","84.13","83.59","84.23","82.85","30.55M","2.41%"
"2023-11-3","82.15","81.21","82.40","80.37","26.89M","2.92%"
"2023-11-2","79.82","80.52","81.51","79.62","17.41M","1.13%"
"2023-11-1","78.93","79.42","80.02","78.43","20.89M","-0.56%"
"2023-10-31","79.38","80.61","80.61","79.23","27.39M","-2.20%"
"2023-10-30","81.16","80.07","81.31","80.02","31.88M","-0.67%"
"2023-10-27","81.71","79.77","82.10","79.57","42.81M","3.32%"
"2023-10-26","79.08","78.53","79.62","78.33","23.72M","0.57%"
"2023-10-25","78.63","80.12","80.71","78.33","45.62M","2.72%"
"2023-10-24","76.55","77.34","77.89","76.40","38.35M","-1.66%"
"2023-10-20","77.84","77.54","78.48","77.44","35.07M","-0.82%"
"2023-10-19","78.48","80.22","80.47","78.38","41.79M","-2.82%"
"2023-10-18","80.76","81.21","82.00","80.32","21.88M","-0.67%"
"2023-10-17","81.31","81.16","81.51","80.66","17.70M","0.86%"
"2023-10-16","80.61","81.51","82.10","80.42","22.25M","-1.57%"
"2023-10-13","81.90","82.55","83.19","81.80","28.55M","-3.79%"
"2023-10-12","85.13","86.17","86.17","84.93","26.04M","1.48%"
"2023-10-11","83.89","84.63","84.83","83.59","31.72M","1.44%"
"2023-10-10","82.70","83.19","84.58","82.55","29.32M","1.58%"
"2023-10-9","81.41","82.50","82.75","80.86","24.08M","-0.97%"
"2023-10-6","82.20","81.31","82.65","81.31","15.18M","1.91%"
"2023-10-5","80.66","81.46","82.10","80.66","21.79M","-0.49%"
"2023-10-4","81.06","81.41","82.20","80.52","25.90M","-1.62%"
"2023-10-3","82.40","83.44","83.54","81.66","36.63M","-2.92%"
"2023-9-29","84.88","83.29","85.92","82.90","34.61M","3.13%"
"2023-9-28","82.30","84.13","84.13","82.15","27.19M","-1.78%"
"2023-9-27","83.79","83.19","84.93","83.19","27.25M","0.66%"
"2023-9-26","83.24","83.74","84.23","82.70","27.43M","-0.47%"
"2023-9-25","83.64","85.47","85.77","83.54","20.74M","-1.80%"
"2023-9-22","85.18","81.95","85.57","81.46","40.15M","3.93%"
"2023-9-21","81.95","83.54","83.59","81.66","33.74M","-2.19%"
"2023-9-20","83.79","84.13","84.78","83.74","21.15M","-0.35%"
"2023-9-19","84.09","84.09","84.43","83.34","21.90M","0.71%"
"2023-9-18","83.49","84.38","85.03","83.49","31.92M","-2.38%"
"2023-9-15","85.52","85.28","86.71","84.48","53.34M","0.41%"
"2023-9-14","85.18","85.08","85.82","84.38","32.65M","0.41%"
"2023-9-13","84.83","86.12","86.37","84.58","31.21M","-0.87%"
"2023-9-12","85.57","85.97","86.42","85.18","33.46M","-1.99%"
"2023-9-11","87.31","87.21","88.05","86.12","64.10M","-3.03%"
"2023-9-7","90.03","92.27","92.27","89.74","26.20M","-1.57%"
"2023-9-6","91.47","91.32","92.17","90.38","26.54M","-0.11%"
"2023-9-5","91.57","92.22","93.16","90.98","54.56M","-0.86%"
"2023-9-4","92.36","92.17","93.21","91.22","85.60M","3.27%"
"2023-8-31","89.44","90.48","90.93","88.84","68.70M","-0.17%"
"2023-8-30","89.59","91.22","91.22","89.09","39.17M","-0.61%"
"2023-8-29","90.13","89.29","90.73","88.89","33.36M","2.25%"
"2023-8-28","88.15","91.08","91.13","87.95","30.53M","1.60%"
"2023-8-25","86.76","87.06","87.75","86.56","23.10M","-2.29%"
"2023-8-24","88.80","87.36","89.54","86.96","39.37M","2.58%"
"2023-8-23","86.56","85.87","87.46","85.37","32.13M","-0.06%"
"2023-8-22","86.61","85.62","87.95","84.68","37.26M","1.93%"
"2023-8-21","84.98","84.98","86.81","84.43","39.15M","-1.49%"
"2023-8-18","86.27","88.50","89.09","86.07","42.26M","-3.44%"
"2023-8-17","89.34","85.87","89.84","85.47","55.17M","0.95%"
"2023-8-16","88.50","89.24","89.89","88.15","42.12M","-2.14%"
"2023-8-15","90.43","90.33","91.92","90.08","27.71M","-1.72%"
"2023-8-14","92.02","91.52","92.56","90.68","41.57M","-2.62%"
"2023-8-11","94.50","96.33","97.12","94.50","61.92M","1.06%"
"2023-8-10","93.51","93.01","93.90","91.57","34.60M","0.21%"
"2023-8-9","93.31","91.57","93.60","91.27","30.30M","1.13%"
"2023-8-8","92.27","93.31","93.51","91.92","35.53M","-2.67%"
"2023-8-7","94.79","93.55","95.24","92.81","22.36M","0.47%"
"2023-8-4","94.35","94.45","95.79","93.60","32.95M","2.15%"
"2023-8-3","92.36","92.91","93.95","92.27","50.02M","-2.10%"
"2023-8-2","94.35","96.83","97.77","93.80","37.89M","-2.76%"
"2023-8-1","97.03","98.86","99.16","96.08","53.95M","0.36%"
"2023-7-31","96.68","98.17","98.91","95.98","74.29M","1.67%"
"2023-7-28","95.09","92.61","95.69","92.51","46.06M","0.47%"
"2023-7-27","94.65","94.05","94.89","93.55","42.98M","1.70%"
"2023-7-26","93.06","92.22","93.41","91.87","38.60M","-1.37%"
"2023-7-25","94.35","93.26","94.35","92.17","69.49M","6.25%"
"2023-7-24","88.80","89.24","89.99","88.00","29.73M","-1.92%"
"2023-7-21","90.53","88.75","90.63","88.75","32.11M","2.01%"
"2023-7-20","88.75","89.64","91.37","88.45","27.70M","-0.94%"
"2023-7-19","89.59","87.75","90.38","86.76","46.15M","0.72%"
"2023-7-18","88.94","90.68","90.73","88.80","44.41M","-3.50%"
"2023-7-14","92.17","94.20","94.20","91.22","48.28M","0.22%"
"2023-7-13","91.97","91.22","91.97","90.78","61.07M","3.23%"
"2023-7-12","89.09","89.14","90.18","88.30","47.49M","1.24%"
"2023-7-11","88.00","87.75","88.50","86.96","51.08M","2.01%"
"2023-7-10","86.27","88.20","88.25","85.28","67.68M","3.20%"
"2023-7-7","83.59","81.61","85.97","80.81","69.00M","3.44%"
"2023-7-6","80.81","81.06","82.99","79.82","33.92M","-1.39%"
"2023-7-5","81.95","83.74","83.74","81.51","23.23M","-1.61%"
"2023-7-4","83.29","82.45","83.29","81.90","19.61M","0.54%"
"2023-7-3","82.85","81.31","83.29","81.31","27.85M","2.89%"
"2023-6-30","80.52","80.71","81.26","80.12","51.99M","-1.22%"
"2023-6-29","81.51","82.65","83.24","80.91","36.24M","-2.55%"
"2023-6-28","83.64","83.94","84.23","82.85","36.26M","-1.29%"
"2023-6-27","84.73","83.54","85.03","82.94","33.59M","2.64%"
"2023-6-26","82.55","82.40","84.04","82.40","31.96M","-0.95%"
"2023-6-23","83.34","84.28","84.38","82.40","29.15M","-0.77%"
"2023-6-21","83.99","84.58","85.42","83.79","43.36M","-4.13%"
"2023-6-20","87.61","88.75","88.99","87.21","37.32M","-1.51%"
"2023-6-19","88.94","89.64","90.33","87.16","54.10M","-2.07%"
"2023-6-16","90.83","89.84","91.92","88.75","176.51M","2.92%"
"2023-6-15","88.25","86.56","88.40","85.92","58.98M","4.52%"
"2023-6-14","84.43","85.18","85.72","83.74","36.81M","-0.64%"
"2023-6-13","84.98","82.85","85.77","82.80","44.56M","2.02%"
"2023-6-12","83.29","83.79","83.79","82.30","21.07M","0.12%"
"2023-6-9","83.19","83.09","83.64","82.30","32.63M","0.66%"
"2023-6-8","82.65","82.70","83.19","81.36","30.98M","-0.83%"
"2023-6-7","83.34","83.89","84.18","82.60","33.72M","2.06%"
"2023-6-6","81.66","82.30","83.49","81.11","32.68M","-0.48%"
"2023-6-5","82.05","82.10","82.65","81.06","34.97M","0.30%"
"2023-6-2","81.80","80.07","82.15","79.42","69.16M","6.73%"
"2023-6-1","76.65","76.40","79.03","76.25","76.09M","-0.77%"
"2023-5-31","77.24","77.29","77.29","75.16","177.42M","-1.14%"
"2023-5-30","78.14","78.24","78.68","76.90","40.61M","1.29%"
"2023-5-29","77.14","78.28","78.88","76.95","48.52M","-1.08%"
"2023-5-25","77.99","79.33","79.62","76.95","75.19M","-2.96%"
"2023-5-24","80.37","80.37","81.21","79.92","39.05M","-2.35%"
"2023-5-23","82.30","82.90","83.94","81.66","32.12M","-0.72%"
"2023-5-22","82.90","81.76","84.38","80.71","54.25M","1.39%"
"2023-5-19","81.76","82.75","83.64","81.31","92.87M","-6.04%"
"2023-5-18","87.01","87.46","88.45","86.51","72.22M","2.69%"
"2023-5-17","84.73","86.61","86.76","84.28","43.31M","-0.35%"
"2023-5-16","85.03","86.07","86.07","84.23","26.39M","0.35%"
"2023-5-15","84.73","83.29","85.77","82.30","41.39M","0.95%"
"2023-5-12","83.94","84.43","84.78","83.09","60.97M","2.42%"
"2023-5-11","81.95","81.11","82.05","80.12","45.55M","3.05%"
"2023-5-10","79.52","79.38","80.02","78.14","41.92M","0.94%"
"2023-5-9","78.78","81.26","81.26","78.24","53.33M","-3.05%"
"2023-5-8","81.26","80.96","81.71","80.71","40.01M","0.37%"
"2023-5-5","80.96","81.31","81.76","80.42","33.67M","1.18%"
"2023-5-4","80.02","79.82","80.76","79.67","34.43M","0.44%"
"2023-5-3","79.67","79.42","79.92","79.03","39.31M","-2.37%"
"2023-5-2","81.61","82.94","83.39","80.81","26.57M","0.30%"
"2023-4-28","81.36","82.15","83.19","80.96","46.94M","0.31%"
"2023-4-27","81.11","81.11","81.51","80.12","63.40M","-1.80%"
"2023-4-26","82.60","80.91","83.99","80.57","72.94M","-0.95%"
"2023-4-25","83.39","84.98","85.23","82.60","56.53M","-3.22%"
"2023-4-24","86.17","86.71","87.75","85.28","35.87M","-1.19%"
"2023-4-21","87.21","88.60","89.09","86.56","62.59M","-4.14%"
"2023-4-20","90.98","91.42","92.17","90.68","29.87M","-0.54%"
"2023-4-19","91.47","93.70","93.70","91.18","35.12M","-2.69%"
"2023-4-18","94.00","93.31","94.79","93.31","26.77M","-0.63%"
"2023-4-17","94.60","92.41","95.54","92.02","37.95M","0.95%"
"2023-4-14","93.70","93.70","94.35","92.96","26.03M","0.37%"
"2023-4-13","93.36","90.83","93.55","90.33","65.55M","-1.98%"
"2023-4-12","95.24","96.83","97.32","94.89","38.66M","-3.27%"
"2023-4-11","98.46","99.36","100.64","97.27","60.95M","1.59%"
"2023-4-6","96.93","95.39","97.17","95.09","40.75M","2.20%"
"2023-4-4","94.84","95.34","95.64","92.91","53.86M","-2.94%"
"2023-4-3","97.72","98.17","99.11","96.78","53.75M","-1.84%"
"2023-3-31","99.55","100.35","101.14","98.76","89.69M","3.61%"
"2023-3-30","96.08","96.28","96.38","93.85","88.45M","2.49%"
"2023-3-29","93.75","96.03","97.17","93.55","163.13M","12.23%"
"2023-3-28","83.54","84.38","84.93","82.60","53.16M","-1.17%"
"2023-3-27","84.53","85.62","89.19","83.09","100.52M","-0.06%"
"2023-3-24","84.58","84.73","85.87","83.79","48.35M","-1.04%"
"2023-3-23","85.47","81.85","85.97","81.66","67.38M","4.04%"
"2023-3-22","82.15","81.51","83.69","81.41","44.55M","2.92%"
"2023-3-21","79.82","78.68","79.97","78.04","36.07M","1.64%"
"2023-3-20","78.53","80.27","80.47","77.44","52.57M","-2.82%"
"2023-3-17","80.81","80.71","81.51","79.87","67.32M","1.24%"
"2023-3-16","79.82","79.52","80.76","79.13","45.64M","-1.89%"
"2023-3-15","81.36","82.00","82.99","80.86","46.74M","2.56%"
"2023-3-14","79.33","80.81","81.36","78.83","73.04M","-3.90%"
"2023-3-13","82.55","81.71","84.23","80.76","64.69M","2.59%"
"2023-3-10","80.47","80.81","81.51","80.32","77.30M","-3.96%"
"2023-3-9","83.79","85.57","85.77","83.79","43.59M","-1.46%"
"2023-3-8","85.03","86.27","86.37","84.38","51.98M","-3.22%"
"2023-3-7","87.85","88.25","90.88","87.06","62.22M","1.55%"
"2023-3-6","86.51","86.61","87.51","85.82","53.35M","-0.85%"
"2023-3-3","87.26","88.75","88.75","86.56","50.89M","0.46%"
"2023-3-2","86.86","87.85","88.25","86.71","79.26M","-4.68%"
"2023-3-1","91.13","85.97","91.37","85.87","76.91M","6.24%"
"2023-2-28","85.77","87.51","88.50","85.32","82.59M","-3.24%"
"2023-2-27","88.65","87.26","91.37","87.01","77.37M","-0.72%"
"2023-2-24","89.29","92.46","92.46","89.24","81.54M","-5.36%"
"2023-2-23","94.35","91.97","95.44","91.82","48.41M","2.37%"
"2023-2-22","92.17","91.32","94.00","91.32","59.46M","-2.36%"
"2023-2-21","94.40","98.66","98.66","94.20","58.37M","-4.23%"
"2023-2-20","98.56","97.97","99.65","97.17","38.51M","-0.05%"
"2023-2-17","98.61","101.24","102.03","98.61","37.62M","-2.60%"
"2023-2-16","101.24","101.14","104.51","100.64","43.29M","1.19%"
"2023-2-15","100.05","101.44","101.64","99.26","46.76M","-1.56%"
"2023-2-14","101.64","102.73","103.02","101.44","39.44M","-1.44%"
"2023-2-13","103.12","100.25","104.02","99.85","41.48M","-0.10%"
"2023-2-10","103.22","106.40","106.69","102.53","44.53M","-3.25%"
"2023-2-9","106.69","102.63","107.59","102.23","60.79M","3.96%"
"2023-2-8","102.63","103.52","103.92","101.24","39.29M","-1.24%"
"2023-2-7","103.92","102.63","105.80","102.63","38.07M","1.55%"
"2023-2-6","102.33","101.34","102.93","100.64","53.15M","-2.73%"
"2023-2-3","105.21","106.30","106.79","104.41","55.27M","-2.66%"
"2023-2-2","108.08","110.46","111.35","107.78","39.93M","-0.91%"
"2023-2-1","109.07","108.08","109.57","106.30","55.65M","2.23%"
"2023-1-31","106.69","108.68","109.57","104.61","94.86M","-1.28%"
"2023-1-30","108.08","113.53","114.43","106.89","131.05M","-7.08%"
"2023-1-27","116.31","116.71","117.20","114.82","49.01M","-0.17%"
"2023-1-26","116.51","116.81","117.50","115.32","54.55M","1.03%"
"2023-1-20","115.32","113.83","116.01","113.34","64.59M","3.65%"
"2023-1-19","111.25","110.06","112.64","109.37","55.52M","-1.67%"
"2023-1-18","113.14","111.95","113.93","109.77","55.43M","-0.35%"
"2023-1-17","113.53","113.04","115.82","111.85","62.17M","0.97%"
"2023-1-16","112.44","113.24","114.43","109.97","65.73M","0.62%"
"2023-1-13","111.75","109.87","112.05","108.08","72.12M","1.71%"
"2023-1-12","109.87","112.15","112.15","106.89","91.86M","-1.86%"
"2023-1-11","111.95","111.25","114.03","109.57","108.86M","3.11%"
"2023-1-10","108.58","108.08","109.07","106.10","76.28M","-0.82%"
"2023-1-9","109.47","104.71","109.97","104.12","123.72M","8.66%"
"2023-1-6","100.74","100.64","101.83","98.86","73.32M","2.01%"
"2023-1-5","98.76","101.24","102.93","97.37","104.69M","3.32%"
"2023-1-4","95.59","89.99","95.69","88.75","118.64M","8.74%"
"2023-1-3","87.90","84.98","88.40","83.89","45.39M","2.78%"
"2022-12-30","85.52","86.56","87.56","84.98","35.93M","0.82%"
"2022-12-29","84.83","84.68","85.13","83.94","44.95M","-2.45%"
"2022-12-28","86.96","86.56","88.60","86.56","55.67M","1.39%"
"2022-12-23","85.77","84.68","86.81","84.68","34.11M","-1.59%"
"2022-12-22","87.16","85.77","88.40","85.72","53.77M","4.09%"
"2022-12-21","83.74","83.74","84.68","82.99","31.48M","0.48%"
"2022-12-20","83.34","84.28","84.83","81.80","57.29M","-3.45%"
"2022-12-19","86.32","86.17","90.03","85.67","70.04M","0.69%"
"2022-12-16","85.72","83.44","88.00","83.44","77.06M","0.64%"
"2022-12-15","85.18","87.75","87.80","84.48","46.55M","-4.02%"
"2022-12-14","88.75","88.94","89.74","87.80","42.50M","1.30%"
"2022-12-13","87.61","86.96","89.49","86.37","49.03M","0.00%"
"2022-12-12","87.61","89.04","90.13","86.86","48.77M","-3.81%"
"2022-12-9","91.08","89.89","92.41","88.10","85.19M","2.74%"
"2022-12-8","88.65","86.07","90.33","85.57","70.52M","5.11%"
"2022-12-7","84.33","88.45","91.22","84.09","83.60M","-5.34%"
"2022-12-6","89.09","87.41","90.98","87.41","66.89M","-3.02%"
"2022-12-5","91.87","88.05","92.07","86.51","132.95M","9.26%"
"2022-12-2","84.09","82.90","85.03","82.25","74.13M","2.42%"
"2022-12-1","82.10","84.88","86.17","81.76","106.30M","3.63%"
"2022-11-30","79.23","77.05","80.22","75.81","109.08M","1.46%"
"2022-11-29","78.09","73.03","78.14","72.58","94.54M","9.07%"
"2022-11-28","71.59","70.00","72.73","69.21","65.98M","-3.41%"
"2022-11-25","74.12","75.26","75.36","73.23","28.36M","-2.16%"
"2022-11-24","75.76","76.05","76.55","74.27","31.64M","1.33%"
"2022-11-23","74.76","73.13","75.81","72.43","54.20M","3.15%"
"2022-11-22","72.48","74.57","75.06","71.59","60.91M","-4.01%"
"2022-11-21","75.51","76.50","76.65","74.37","49.68M","-4.75%"
"2022-11-18","79.28","82.55","82.80","78.58","110.90M","2.17%"
"2022-11-17","77.59","76.35","79.03","73.38","89.53M","-0.70%"
"2022-11-16","78.14","77.09","80.12","76.35","100.51M","-0.13%"
"2022-11-15","78.24","70.40","80.17","69.16","187.29M","11.05%"
"2022-11-14","70.45","72.38","73.08","69.41","93.78M","0.35%"
"2022-11-11","70.20","68.17","70.85","66.48","110.96M","12.38%"
"2022-11-10","62.47","63.36","63.96","62.07","58.52M","-4.55%"
"2022-11-9","65.44","66.14","67.18","64.60","63.08M","-1.64%"
"2022-11-8","66.53","68.17","68.42","65.84","64.93M","-3.73%"
"2022-11-7","69.11","66.14","71.19","65.74","99.79M","-0.29%"
"2022-11-4","69.31","63.46","75.56","63.46","152.00M","10.95%"
"2022-11-3","62.47","63.06","64.45","62.32","58.02M","-6.53%"
"2022-11-2","66.83","64.75","67.43","63.61","44.67M","1.97%"
"2022-11-1","65.54","62.52","67.67","62.32","112.73M","7.57%"
"2022-10-31","60.93","60.49","64.01","59.79","65.77M","-0.49%"
"2022-10-28","61.23","63.71","64.01","60.39","69.41M","-4.78%"
"2022-10-27","64.30","66.98","67.38","64.11","91.20M","4.09%"
"2022-10-26","61.77","61.28","64.11","60.73","93.28M","-2.04%"
"2022-10-25","63.06","61.33","65.39","59.74","102.03M","3.16%"
"2022-10-24","61.13","65.44","66.68","60.29","169.67M","-11.42%"
"2022-10-21","69.01","69.51","70.50","68.77","55.07M","-0.43%"
"2022-10-20","69.31","68.42","70.60","67.43","63.15M","-3.85%"
"2022-10-19","72.09","74.47","74.96","71.89","39.09M","-4.34%"
"2022-10-18","75.36","74.67","75.76","73.23","35.97M","3.83%"
"2022-10-17","72.58","71.54","74.02","70.30","45.04M","-0.07%"
"2022-10-14","72.63","73.38","75.46","71.74","43.04M","0.69%"
"2022-10-13","72.14","73.72","74.32","71.99","25.77M","-2.15%"
"2022-10-12","73.72","73.87","76.70","71.69","56.35M","-2.17%"
"2022-10-11","75.36","77.49","77.94","74.96","39.30M","-3.43%"
"2022-10-10","78.04","78.58","78.88","77.34","28.52M","-3.26%"
"2022-10-7","80.66","81.01","82.10","80.52","27.04M","-2.16%"
"2022-10-6","82.45","82.30","83.84","81.95","29.15M","-1.25%"
"2022-10-5","83.49","81.31","83.89","80.71","65.11M","8.44%"
"2022-10-3","77.00","77.24","78.09","76.15","30.74M","-0.38%"
"2022-9-30","77.29","76.65","78.09","75.26","46.99M","1.43%"
"2022-9-29","76.20","78.19","78.53","75.21","62.71M","2.88%"
"2022-9-28","74.07","75.90","76.60","73.82","53.79M","-4.11%"
"2022-9-27","77.24","77.94","78.53","75.41","49.81M","-1.02%"
"2022-9-26","78.04","76.75","79.62","76.05","47.49M","0.38%"
"2022-9-23","77.74","78.48","79.67","77.74","45.21M","-3.03%"
"2022-9-22","80.17","79.33","80.32","79.03","49.26M","-2.65%"
"2022-9-21","82.35","83.39","83.44","81.90","37.23M","-3.65%"
"2022-9-20","85.47","84.58","86.61","84.38","36.09M","2.99%"
"2022-9-19","82.99","84.33","84.78","82.50","41.07M","-3.57%"
"2022-9-16","86.07","85.97","86.91","85.32","39.46M","-1.48%"
"2022-9-15","87.36","86.17","87.80","86.17","21.92M","0.30%"
"2022-9-14","87.10","87.80","88.30","86.90","35.25M","-4.50%"
"2022-9-13","91.20","91.80","92.30","90.80","41.28M","1.56%"
"2022-9-9","89.80","87.20","90.35","86.55","31.54M","2.98%"
"2022-9-8","87.20","88.50","89.20","86.75","33.53M","-0.23%"
"2022-9-7","87.40","86.10","87.85","85.95","28.48M","-0.74%"
"2022-9-6","88.05","88.85","89.50","87.20","29.24M","-0.51%"
"2022-9-5","88.50","89.50","89.50","87.55","35.51M","-2.37%"
"2022-9-2","90.65","92.00","92.75","90.20","40.48M","-1.68%"
"2022-9-1","92.20","93.85","95.55","91.85","41.47M","-2.23%"
"2022-8-31","94.30","91.90","96.90","91.50","52.00M","-0.95%"
"2022-8-30","95.20","95.40","95.45","92.70","35.71M","0.05%"
"2022-8-29","95.15","94.75","96.80","93.80","37.07M","-0.68%"
"2022-8-26","95.80","97.65","97.65","94.70","54.67M","2.13%"
"2022-8-25","93.80","90.00","95.20","88.90","66.38M","8.75%"
"2022-8-24","86.25","86.85","87.50","85.50","35.98M","-2.43%"
"2022-8-23","88.40","89.00","89.30","86.75","36.23M","-0.11%"
"2022-8-22","88.50","87.80","89.75","87.70","34.07M","-1.12%"
"2022-8-19","89.50","88.00","90.25","87.85","26.85M","1.42%"
"2022-8-18","88.25","89.00","89.05","87.50","41.42M","-2.32%"
"2022-8-17","90.35","90.80","91.40","89.65","24.36M","0.44%"
"2022-8-16","89.95","92.00","92.40","88.55","33.04M","-1.96%"
"2022-8-15","91.75","91.80","93.80","91.70","23.08M","-1.24%"
"2022-8-12","92.90","92.90","93.40","91.25","26.39M","1.25%"
"2022-8-11","91.75","91.00","92.40","89.40","53.00M","4.32%"
"2022-8-10","87.95","89.35","89.65","86.80","37.21M","-1.84%"
"2022-8-9","89.60","90.00","91.70","88.45","44.94M","0.90%"
"2022-8-8","88.80","90.00","90.25","88.50","47.77M","-4.41%"
"2022-8-5","92.90","95.40","95.65","91.90","50.44M","-2.21%"
"2022-8-4","95.00","95.55","96.20","93.35","52.30M","5.15%"
"2022-8-3","90.35","90.85","91.85","89.20","43.31M","3.79%"
"2022-8-2","87.05","89.00","89.00","86.10","67.82M","-2.85%"
"2022-8-1","89.60","88.10","91.65","87.80","90.58M","-3.76%"
"2022-7-29","93.10","98.70","98.70","91.70","101.88M","-6.10%"
"2022-7-28","99.15","100.80","100.80","99.10","47.79M","-1.83%"
"2022-7-27","101.00","101.00","101.20","99.90","59.52M","-3.26%"
"2022-7-26","104.40","103.00","106.10","102.50","62.34M","4.82%"
"2022-7-25","99.60","100.00","100.70","99.10","41.78M","-2.45%"
"2022-7-22","102.10","102.70","103.70","101.70","25.27M","0.10%"
"2022-7-21","102.00","102.80","104.00","101.20","38.97M","-1.16%"
"2022-7-20","103.20","104.80","105.70","103.20","40.06M","2.28%"
"2022-7-19","100.90","101.80","102.20","100.10","40.61M","-2.89%"
"2022-7-18","103.90","100.80","104.30","99.85","54.21M","1.66%"
"2022-7-15","102.20","102.50","106.10","102.10","60.29M","-5.98%"
"2022-7-14","108.70","107.80","110.40","107.50","39.69M","1.21%"
"2022-7-13","107.40","107.50","109.50","107.00","37.02M","-0.37%"
"2022-7-12","107.80","108.30","109.60","107.10","61.83M","-5.44%"
"2022-7-11","114.00","117.30","117.90","112.00","59.28M","-5.79%"
"2022-7-8","121.00","122.00","122.00","119.80","58.17M","3.68%"
"2022-7-7","116.70","115.30","117.50","113.50","40.43M","-0.26%"
"2022-7-6","117.00","119.00","119.00","114.60","52.06M","1.56%"
"2022-7-5","115.20","116.30","118.40","114.70","45.97M","1.77%"
"2022-7-4","113.20","111.60","114.10","109.40","38.79M","1.16%"
"2022-6-30","111.90","113.60","114.40","110.70","47.26M","-2.27%"
"2022-6-29","114.50","114.50","116.30","113.00","54.74M","-3.05%"
"2022-6-28","118.10","117.60","119.10","112.60","70.43M","0.00%"
"2022-6-27","118.10","117.30","120.40","116.10","98.19M","3.69%"
"2022-6-24","113.90","112.60","115.50","111.50","88.76M","5.46%"
"2022-6-23","108.00","104.90","109.90","103.40","80.54M","6.40%"
"2022-6-22","101.50","104.80","105.10","101.50","56.38M","-4.06%"
"2022-6-21","105.80","104.50","106.10","103.40","56.38M","1.34%"
"2022-6-20","104.40","102.00","104.60","99.65","64.78M","-0.10%"
"2022-6-17","104.50","100.10","104.80","100.00","98.24M","2.05%"
"2022-6-16","102.40","108.80","109.80","100.40","51.96M","-3.03%"
"2022-6-15","105.60","105.00","106.70","104.30","62.84M","4.35%"
"2022-6-14","101.20","98.25","102.40","97.20","79.24M","-2.50%"
"2022-6-13","103.80","106.20","108.40","103.50","85.88M","-7.98%"
"2022-6-10","112.80","107.60","116.00","107.00","107.83M","1.35%"
"2022-6-9","111.30","116.20","116.30","108.10","113.81M","2.30%"
"2022-6-8","108.80","103.40","110.40","102.50","116.29M","10.12%"
"2022-6-7","98.80","96.95","101.80","96.15","88.85M","1.91%"
"2022-6-6","96.95","92.85","98.60","91.25","61.56M","5.04%"
"2022-6-2","92.30","91.75","93.00","91.00","38.92M","-2.43%"
"2022-6-1","94.60","96.00","96.20","94.00","34.76M","-1.71%"
"2022-5-31","96.25","94.60","97.50","93.10","87.59M","1.42%"
"2022-5-30","94.90","91.70","94.90","91.30","58.24M","4.29%"
"2022-5-27","91.00","91.00","92.40","89.85","94.94M","12.21%"
"2022-5-26","81.10","82.00","82.00","79.65","44.52M","-1.52%"
"2022-5-25","82.35","82.00","84.15","81.35","39.36M","-1.50%"
"2022-5-24","83.60","84.80","86.30","82.90","41.59M","-1.76%"
"2022-5-23","85.10","86.20","86.55","83.85","48.12M","-3.35%"
"2022-5-20","88.05","86.30","88.80","85.60","37.41M","5.64%"
"2022-5-19","83.35","85.00","85.40","82.75","63.97M","-7.39%"
"2022-5-18","90.00","90.55","90.55","87.80","40.89M","-0.61%"
"2022-5-17","90.55","87.50","91.80","86.65","65.36M","7.03%"
"2022-5-16","84.60","86.00","86.25","83.10","37.19M","2.92%"
"2022-5-13","82.20","82.20","82.85","81.25","53.69M","2.75%"
"2022-5-12","80.00","81.85","82.55","79.90","69.97M","-6.60%"
"2022-5-11","85.65","83.70","87.95","83.60","63.21M","-0.41%"
"2022-5-10","86.00","83.50","87.20","83.15","64.14M","-4.81%"
"2022-5-6","90.35","92.05","92.85","89.30","50.89M","-6.57%"
"2022-5-5","96.70","99.50","101.10","96.20","27.99M","0.16%"
"2022-5-4","96.55","98.50","98.55","95.85","29.18M","-3.74%"
"2022-5-3","100.30","100.00","103.10","92.50","103.24M","-1.76%"
"2022-4-29","102.10","88.25","103.80","87.15","102.13M","15.69%"
"2022-4-28","88.25","88.00","88.55","86.30","40.68M","4.38%"
"2022-4-27","84.55","84.35","85.45","83.00","27.92M","-0.41%"
"2022-4-26","84.90","84.50","87.90","83.75","38.30M","3.73%"
"2022-4-25","81.85","84.80","84.95","81.20","43.00M","-5.54%"
"2022-4-22","86.65","83.50","87.35","83.40","33.41M","-1.42%"
"2022-4-21","87.90","88.75","89.70","86.50","37.48M","-3.09%"
"2022-4-20","90.70","91.10","92.95","90.30","24.19M","-0.87%"
"2022-4-19","91.50","92.55","93.45","90.90","34.06M","-4.19%"
"2022-4-14","95.50","97.65","98.00","93.85","52.35M","-3.05%"
"2022-4-13","98.50","98.40","99.50","97.00","24.65M","-0.51%"
"2022-4-12","99.00","98.50","100.60","96.35","39.68M","0.51%"
"2022-4-11","98.50","102.80","103.00","97.85","40.13M","-5.11%"
"2022-4-8","103.80","102.80","103.80","101.50","38.15M","-1.33%"
"2022-4-7","105.20","106.40","108.90","105.20","35.58M","-2.23%"
"2022-4-6","107.60","109.10","109.80","107.10","46.64M","-5.36%"
"2022-4-4","113.70","110.60","114.60","110.00","41.88M","3.65%"
"2022-4-1","109.70","106.80","109.70","105.70","38.71M","-2.14%"
"2022-3-31","112.10","114.90","114.90","109.70","26.78M","-1.58%"
"2022-3-30","113.90","115.00","115.70","112.60","43.05M","0.35%"
"2022-3-29","113.50","112.70","114.80","112.20","28.13M","2.16%"
"2022-3-28","111.10","107.40","113.50","106.10","35.86M","3.45%"
"2022-3-25","107.40","111.40","113.50","104.80","59.75M","-5.62%"
"2022-3-24","113.80","116.40","119.00","113.50","56.18M","-3.23%"
"2022-3-23","117.60","114.60","119.40","112.50","109.74M","6.72%"
"2022-3-22","110.20","102.30","111.40","102.10","82.22M","11.20%"
"2022-3-21","99.10","104.80","104.80","97.25","78.15M","0.76%"
"2022-3-18","98.35","97.15","100.20","95.00","69.22M","-3.58%"
"2022-3-17","102.00","104.00","104.00","95.30","147.20M","12.46%"
"2022-3-16","90.70","74.50","91.05","73.70","159.31M","27.30%"
"2022-3-15","71.25","73.80","79.35","71.00","166.89M","-11.93%"
"2022-3-14","80.90","86.15","86.60","80.25","99.11M","-10.90%"
"2022-3-11","90.80","90.55","92.15","88.05","75.00M","-5.52%"
"2022-3-10","96.10","99.70","99.70","94.40","46.92M","-0.16%"
"2022-3-9","96.25","96.90","97.35","92.60","60.56M","-0.67%"
"2022-3-8","96.90","97.55","99.95","95.80","49.20M","0.94%"
"2022-3-7","96.00","96.25","98.00","93.40","59.54M","-3.03%"
"2022-3-4","99.00","98.20","100.20","98.20","67.85M","-5.17%"
"2022-3-3","104.40","103.50","104.50","103.00","23.58M","0.48%"
"2022-3-2","103.90","103.90","106.60","103.90","32.17M","0.10%"
"2022-3-1","103.80","102.20","104.80","101.90","30.38M","-0.38%"
"2022-2-28","104.20","103.30","104.20","100.70","56.08M","-1.04%"
"2022-2-25","105.30","107.40","108.20","104.90","42.61M","0.38%"
"2022-2-24","104.90","107.50","108.40","103.60","64.89M","-6.67%"
"2022-2-23","112.40","110.00","113.30","110.00","27.24M","0.90%"
"2022-2-22","111.40","109.00","111.90","108.80","43.06M","-3.05%"
"2022-2-21","114.90","115.80","117.10","114.00","36.33M","-3.85%"
"2022-2-18","119.50","122.60","124.00","118.70","36.06M","-2.85%"
"2022-2-17","123.00","122.00","123.30","120.90","18.97M","0.41%"
"2022-2-16","122.50","122.40","123.00","121.10","20.31M","3.46%"
"2022-2-15","118.40","118.00","120.00","117.40","16.13M","-0.25%"
"2022-2-14","118.70","119.00","119.90","118.20","19.51M","-3.02%"
"2022-2-11","122.40","120.40","122.90","120.00","24.20M","0.16%"
"2022-2-10","122.20","123.00","123.00","119.40","32.35M","2.86%"
"2022-2-9","118.80","118.00","119.40","117.00","44.48M","6.83%"
"2022-2-8","111.20","112.60","113.50","110.60","41.70M","-3.30%"
"2022-2-7","115.00","117.40","118.70","113.60","54.76M","-4.49%"
"2022-2-4","120.40","120.00","120.80","118.40","43.29M","5.61%"
"2022-1-31","114.00","112.10","116.20","111.50","29.58M","3.64%"
"2022-1-28","110.00","110.00","111.50","108.60","43.81M","1.38%"
"2022-1-27","108.50","110.50","111.90","108.00","75.47M","-7.19%"
"2022-1-26","116.90","116.30","118.70","114.10","35.35M","0.09%"
"2022-1-25","116.80","116.40","118.80","115.10","41.28M","-1.93%"
"2022-1-24","119.10","122.00","122.00","118.70","54.76M","-6.29%"
"2022-1-21","127.10","126.10","127.50","124.00","61.82M","-3.35%"
"2022-1-20","131.50","125.00","132.50","125.00","44.80M","5.88%"
"2022-1-19","124.20","126.20","127.30","123.50","29.73M","-1.74%"
"2022-1-18","126.40","129.20","130.90","125.40","23.47M","-1.63%"
"2022-1-17","128.50","129.30","130.10","127.40","23.53M","-0.62%"
"2022-1-14","129.30","126.90","129.30","126.60","28.24M","-2.19%"
"2022-1-13","132.20","135.00","135.00","130.40","36.03M","-0.60%"
"2022-1-12","133.00","128.60","133.10","128.40","44.48M","5.89%"
"2022-1-11","125.60","125.00","126.50","123.90","31.66M","-1.57%"
"2022-1-10","127.60","128.80","129.50","125.40","36.81M","-0.93%"
"2022-1-7","128.80","126.50","128.80","122.80","58.78M","6.45%"
"2022-1-6","121.00","117.50","121.10","117.30","47.23M","5.68%"
"2022-1-5","114.50","119.00","119.10","113.90","30.72M","-2.05%"
"2022-1-4","116.90","118.40","118.90","115.70","23.23M","1.65%"
"2022-1-3","115.00","117.00","117.50","114.00","22.18M","-3.28%"
"2021-12-31","118.90","119.50","120.30","118.10","31.84M","8.19%"
"2021-12-30","109.90","110.00","112.20","109.20","23.84M","-0.63%"
"2021-12-29","110.60","112.30","112.30","110.10","19.99M","-2.56%"
"2021-12-28","113.50","113.30","114.20","112.30","22.99M","0.44%"
"2021-12-24","113.00","113.80","114.80","112.80","19.52M","-0.26%"
"2021-12-23","113.30","114.90","115.60","113.00","25.07M","-1.39%"
"2021-12-22","114.90","119.90","119.90","113.10","45.19M","0.88%"
"2021-12-21","113.90","112.60","115.50","112.00","37.94M","-0.52%"
"2021-12-20","114.50","118.20","118.90","114.30","33.66M","-2.14%"
"2021-12-17","117.00","118.00","118.30","115.40","49.37M","-3.07%"
"2021-12-16","120.70","119.40","121.30","117.00","37.56M","-0.25%"
"2021-12-15","121.00","122.20","123.80","120.00","35.29M","1.94%"
"2021-12-14","118.70","121.00","121.00","117.80","32.13M","-1.98%"
"2021-12-13","121.10","124.80","126.70","120.80","41.77M","-0.08%"
"2021-12-10","121.20","122.30","123.20","120.30","41.29M","-1.78%"
"2021-12-9","123.40","122.60","124.30","122.10","35.85M","2.32%"
"2021-12-8","120.60","122.70","123.00","119.20","61.24M","-4.66%"
"2021-12-7","126.50","122.00","126.70","120.70","82.40M","12.24%"
"2021-12-6","112.70","109.90","114.20","109.50","105.38M","-5.61%"
"2021-12-3","119.40","120.50","120.50","116.00","84.75M","-2.61%"
"2021-12-2","122.60","120.30","123.70","120.10","63.85M","-2.47%"
"2021-12-1","125.70","125.00","127.00","124.20","42.73M","-1.26%"
"2021-11-30","127.30","129.50","130.10","123.60","61.24M","-2.08%"
"2021-11-29","130.00","133.00","133.20","129.80","29.53M","0.70%"
"2021-11-26","129.10","133.20","133.90","129.10","37.95M","-4.65%"
"2021-11-25","135.40","132.00","135.90","132.00","23.80M","2.73%"
"2021-11-24","131.80","131.00","134.80","130.70","44.83M","-0.90%"
"2021-11-23","133.00","133.00","133.80","132.50","46.35M","-2.99%"
"2021-11-22","137.10","139.00","139.70","137.10","42.68M","-1.58%"
"2021-11-19","139.30","140.00","142.20","139.20","106.64M","-10.71%"
"2021-11-18","156.00","158.20","158.90","155.30","39.03M","-5.34%"
"2021-11-17","164.80","164.90","165.10","163.20","16.28M","-0.24%"
"2021-11-16","165.20","162.00","166.00","161.50","19.86M","2.29%"
"2021-11-15","161.50","163.30","164.20","159.60","19.12M","-0.55%"
"2021-11-12","162.40","164.80","165.70","159.00","24.27M","-0.49%"
"2021-11-11","163.20","158.00","164.20","157.60","23.55M","1.24%"
"2021-11-10","161.20","157.60","161.60","155.70","17.19M","2.61%"
"2021-11-9","157.10","160.30","161.20","156.80","16.11M","-0.13%"
"2021-11-8","157.30","156.00","157.70","154.70","25.01M","-1.63%"
"2021-11-5","159.90","162.00","162.00","158.40","26.17M","-3.44%"
"2021-11-4","165.60","162.90","165.60","162.00","23.36M","3.11%"
"2021-11-3","160.60","159.90","161.00","156.60","20.80M","-0.62%"
"2021-11-2","161.60","166.20","166.90","160.10","28.08M","1.32%"
"2021-11-1","159.50","161.10","161.20","158.00","20.96M","-2.15%"
"2021-10-29","163.00","165.00","166.20","162.50","24.51M","-1.33%"
"2021-10-28","165.20","166.90","169.10","165.00","26.24M","0.43%"
"2021-10-27","164.50","165.30","165.60","163.30","25.55M","-2.95%"
"2021-10-26","169.50","173.00","173.00","168.10","27.01M","-2.59%"
"2021-10-25","174.00","174.40","176.80","173.30","22.99M","-0.23%"
"2021-10-22","174.40","172.60","175.00","171.30","24.30M","0.29%"
"2021-10-21","173.90","173.00","175.50","170.50","39.50M","-1.08%"
"2021-10-20","175.80","172.60","179.90","171.00","73.82M","6.67%"
"2021-10-19","164.80","162.70","165.90","162.20","22.62M","1.17%"
"2021-10-18","162.90","162.50","162.90","159.90","20.49M","0.68%"
"2021-10-15","161.80","161.30","162.20","158.80","41.25M","0.31%"
"2021-10-12","161.30","160.20","163.00","159.00","51.88M","-3.87%"
"2021-10-11","167.80","163.00","170.50","162.00","87.17M","7.91%"
"2021-10-8","155.50","154.40","155.50","150.80","55.27M","5.57%"
"2021-10-7","147.30","141.30","147.80","141.10","32.23M","7.28%"
"2021-10-6","137.30","138.60","139.20","135.70","18.71M","1.48%"
"2021-10-5","135.30","132.00","135.90","132.00","30.44M","-1.24%"
"2021-10-4","137.00","143.50","143.50","136.40","41.84M","-3.66%"
"2021-9-30","142.20","144.90","144.90","141.00","38.04M","-4.11%"
"2021-9-29","148.30","148.30","149.30","145.50","24.90M","-1.72%"
"2021-9-28","150.90","145.40","153.00","144.50","42.60M","6.34%"
"2021-9-27","141.90","142.20","145.50","141.20","31.61M","-1.66%"
"2021-9-24","144.30","146.70","148.30","143.80","30.35M","-2.76%"
"2021-9-23","148.40","148.00","150.80","146.40","32.53M","-0.20%"
"2021-9-21","148.70","146.00","149.50","145.50","23.94M","-1.85%"
"2021-9-20","151.50","154.20","154.30","150.70","17.98M","-2.19%"
"2021-9-17","154.90","150.60","155.70","150.20","30.18M","2.24%"
"2021-9-16","151.50","153.60","153.90","149.10","33.94M","-1.62%"
"2021-9-15","154.00","155.50","156.90","153.60","28.24M","-2.72%"
"2021-9-14","158.30","160.40","162.10","156.40","22.36M","-1.55%"
"2021-9-13","160.80","161.50","163.00","156.90","25.91M","-4.23%"
"2021-9-10","167.90","163.70","168.20","163.40","27.77M","4.29%"
"2021-9-9","161.00","165.00","166.10","160.30","28.38M","-5.79%"
"2021-9-8","170.90","170.00","173.40","169.30","25.00M","0.53%"
"2021-9-7","170.00","168.40","171.80","168.30","24.18M","1.19%"
"2021-9-6","168.00","164.50","168.00","163.80","24.26M","1.88%"
"2021-9-3","164.90","168.40","168.50","164.00","48.21M","-3.57%"
"2021-9-2","171.00","170.00","171.90","167.60","32.23M","3.51%"
"2021-9-1","165.20","163.50","167.60","161.70","36.32M","-0.18%"
"2021-8-31","165.50","158.50","165.50","154.70","49.83M","4.61%"
"2021-8-30","158.20","155.90","160.10","154.30","33.02M","1.48%"
"2021-8-27","155.90","160.70","163.10","153.70","51.57M","-3.88%"
"2021-8-26","162.20","164.30","165.90","160.10","26.00M","-1.16%"
"2021-8-25","164.10","170.80","172.30","162.40","53.80M","-1.44%"
"2021-8-24","166.50","156.80","166.60","156.30","52.11M","9.47%"
"2021-8-23","152.10","155.90","160.00","151.20","69.68M","-3.67%"
"2021-8-20","157.90","158.10","160.70","155.10","54.86M","-2.59%"
"2021-8-19","162.10","168.60","169.40","160.30","45.40M","-5.54%"
"2021-8-18","171.60","170.00","172.70","169.40","23.29M","-0.12%"
"2021-8-17","171.80","177.90","178.90","171.00","42.64M","-4.77%"
"2021-8-16","180.40","183.90","183.90","179.60","19.54M","-1.96%"
"2021-8-13","184.00","185.50","185.80","181.50","21.53M","-2.49%"
"2021-8-12","188.70","190.00","190.80","186.40","14.52M","-1.31%"
"2021-8-11","191.20","190.60","192.40","188.40","13.80M","-0.88%"
"2021-8-10","192.90","190.00","192.90","187.60","17.98M","2.23%"
"2021-8-9","188.70","187.00","191.60","185.10","28.02M","-2.48%"
"2021-8-6","193.50","192.20","194.30","190.30","15.49M","0.52%"
"2021-8-5","192.50","194.90","197.60","191.80","21.17M","0.10%"
"2021-8-4","192.30","191.30","194.50","186.50","23.03M","-0.62%"
"2021-8-3","193.50","195.50","195.50","187.20","25.92M","0.83%"
"2021-8-2","191.90","189.00","193.30","187.20","24.42M","1.53%"
"2021-7-30","189.00","190.40","190.70","185.60","26.60M","-4.21%"
"2021-7-29","197.30","191.80","197.30","189.30","57.05M","7.70%"
"2021-7-28","183.20","179.50","184.60","176.20","52.60M","1.83%"
"2021-7-27","179.90","183.80","188.50","174.50","66.75M","-6.35%"
"2021-7-26","192.10","199.20","199.20","192.00","43.32M","-6.38%"
"2021-7-23","205.20","208.80","208.80","203.40","11.74M","-1.06%"
"2021-7-22","207.40","205.60","207.60","205.40","12.07M","2.17%"
"2021-7-21","203.00","205.60","206.00","201.40","14.80M","0.10%"
"2021-7-20","202.80","204.00","206.40","200.40","14.79M","0.10%"
"2021-7-19","202.60","205.80","205.80","201.80","43.29M","-3.25%"
"2021-7-16","209.40","210.40","211.60","207.80","55.14M","-0.57%"
"2021-7-15","210.60","206.40","214.20","206.00","45.29M","2.03%"
"2021-7-14","206.40","205.20","206.80","203.80","25.76M","0.58%"
"2021-7-13","205.20","199.40","207.40","197.60","30.18M","3.95%"
"2021-7-12","197.40","199.30","200.80","195.30","19.59M","0.97%"
"2021-7-9","195.50","195.00","196.60","189.90","35.82M","-0.91%"
"2021-7-8","197.30","202.20","203.20","197.00","37.79M","-4.13%"
"2021-7-7","205.80","207.00","207.00","204.40","16.94M","-1.72%"
"2021-7-6","209.40","205.20","209.40","203.60","18.51M","1.65%"
"2021-7-5","206.00","209.00","209.80","205.00","21.39M","-2.83%"
"2021-7-2","212.00","216.20","216.20","210.60","27.20M","-3.64%"
"2021-6-30","220.00","222.00","222.80","220.00","17.88M","0.27%"
"2021-6-29","219.40","222.00","222.80","218.00","22.74M","-1.17%"
"2021-6-28","222.00","220.80","225.00","219.20","23.25M","2.97%"
"2021-6-25","215.60","212.80","216.40","211.20","29.43M","2.57%"
"2021-6-24","210.20","209.60","212.60","209.20","16.48M","1.45%"
"2021-6-23","207.20","205.00","207.60","204.20","16.56M","2.07%"
"2021-6-22","203.00","204.00","204.40","201.80","16.16M","-1.17%"
"2021-6-21","205.40","206.00","207.60","203.80","14.51M","-0.77%"
"2021-6-18","207.00","204.40","207.60","203.80","26.57M","1.57%"
"2021-6-17","203.80","202.00","204.00","201.20","12.11M","0.20%"
"2021-6-16","203.40","205.40","205.40","203.40","15.36M","-1.45%"
"2021-6-15","206.40","209.60","209.60","204.40","16.52M","0.58%"
"2021-6-11","205.20","207.80","208.00","204.40","21.75M","-1.16%"
"2021-6-10","207.60","208.80","211.20","206.00","15.35M","-0.19%"
"2021-6-9","208.00","209.20","210.40","207.20","14.72M","-1.05%"
"2021-6-8","210.20","211.80","212.00","208.80","14.13M","-0.85%"
"2021-6-7","212.00","211.60","212.60","209.00","23.71M","0.86%"
"2021-6-4","210.20","208.80","213.80","208.60","39.98M","-0.28%"
"2021-6-3","210.80","213.80","213.80","209.60","18.21M","-1.68%"
"2021-6-2","214.40","215.80","215.80","212.60","31.54M","-1.74%"
"2021-6-1","218.20","213.60","219.60","212.40","38.85M","3.41%"
"2021-5-31","211.00","208.40","211.40","207.80","21.71M","1.74%"
"2021-5-28","207.40","208.40","209.40","206.60","24.38M","-0.67%"
"2021-5-27","208.80","205.40","208.80","205.00","31.11M","0.87%"
"2021-5-26","207.00","207.80","208.60","206.40","16.69M","0.49%"
"2021-5-25","206.00","203.60","207.00","203.40","23.47M","0.49%"
"2021-5-24","205.00","206.00","206.00","204.00","17.16M","-1.44%"
"2021-5-21","208.00","210.20","210.60","206.00","38.65M","0.97%"
"2021-5-20","206.00","207.00","208.00","204.40","30.89M","-0.77%"
"2021-5-18","207.60","207.20","208.60","206.60","18.53M","1.07%"
"2021-5-17","205.40","204.60","208.80","203.20","27.82M","0.39%"
"2021-5-14","204.60","202.00","205.20","200.20","52.69M","-4.03%"
"2021-5-13","213.20","215.80","218.00","213.20","18.35M","-3.18%"
"2021-5-12","220.20","215.00","220.80","214.00","31.20M","6.07%"
"2021-5-11","207.60","210.60","211.40","207.00","24.01M","-3.53%"
"2021-5-10","215.20","219.80","221.20","213.00","22.33M","-2.09%"
"2021-5-7","219.80","221.00","222.40","219.00","15.51M","-0.81%"
"2021-5-6","221.60","220.80","222.80","219.60","11.58M","0.73%"
"2021-5-5","220.00","221.60","222.60","219.40","15.43M","-2.31%"
"2021-5-4","225.20","223.40","225.60","223.00","8.76M","0.63%"
"2021-5-3","223.80","225.00","226.80","222.40","10.74M","-0.53%"
"2021-4-30","225.00","227.00","227.40","223.40","18.39M","-2.77%"
"2021-4-29","231.40","233.80","233.80","230.40","13.45M","-0.09%"
"2021-4-28","231.60","228.80","232.00","227.00","27.54M","2.30%"
"2021-4-27","226.40","226.00","228.60","225.40","14.10M","0.80%"
"2021-4-26","224.60","226.00","227.80","224.40","14.21M","0.09%"
"2021-4-23","224.40","223.60","226.60","222.80","16.20M","1.36%"
"2021-4-22","221.40","221.80","224.40","220.60","15.02M","-0.18%"
"2021-4-21","221.80","222.00","222.80","220.20","21.34M","-2.80%"
"2021-4-20","228.20","228.40","228.60","225.20","19.99M","-1.64%"
"2021-4-19","232.00","232.00","234.40","231.20","24.35M","-1.53%"
"2021-4-16","235.60","232.00","237.40","231.60","31.49M","0.77%"
"2021-4-15","233.80","234.00","234.80","230.60","20.32M","-1.68%"
"2021-4-14","237.80","236.60","238.00","235.00","21.53M","1.97%"
"2021-4-13","233.20","240.00","241.60","232.40","35.95M","0.43%"
"2021-4-12","232.20","230.00","237.60","226.60","77.84M","6.51%"
"2021-4-9","218.00","223.00","223.00","216.80","22.70M","-2.24%"
"2021-4-8","223.00","221.80","225.00","220.80","25.34M","0.45%"
"2021-4-7","222.00","224.20","225.60","221.40","24.89M","-1.60%"
"2021-4-1","225.60","223.00","226.20","220.60","23.03M","2.55%"
"2021-3-31","220.00","224.00","224.20","219.80","19.95M","-0.72%"
"2021-3-30","221.60","224.40","225.20","220.80","33.85M","2.50%"
"2021-3-29","216.20","216.00","217.60","214.40","25.70M","0.09%"
"2021-3-26","216.00","217.80","218.60","214.00","32.98M","-2.26%"
"2021-3-25","221.00","218.60","222.20","215.20","30.78M","-3.91%"
"2021-3-24","230.00","232.60","233.60","228.40","15.81M","0.00%"
"2021-3-23","230.00","231.40","232.80","228.00","26.22M","-0.52%"
"2021-3-22","231.20","232.40","234.40","230.60","14.51M","-1.45%"
"2021-3-19","234.60","232.00","234.60","229.60","44.91M","0.43%"
"2021-3-18","233.60","226.60","238.60","226.40","58.62M","4.94%"
"2021-3-17","222.60","221.00","223.40","219.40","18.72M","0.54%"
"2021-3-16","221.40","222.40","222.60","220.60","20.87M","0.00%"
"2021-3-15","221.40","227.00","227.80","219.40","33.91M","-2.04%"
"2021-3-12","226.00","233.00","234.40","225.80","34.23M","-0.70%"
"2021-3-11","227.60","229.00","230.40","226.40","29.23M","-0.35%"
"2021-3-10","228.40","231.00","231.60","228.00","30.29M","1.96%"
"2021-3-9","224.00","224.00","230.00","218.60","35.25M","1.54%"
"2021-3-8","220.60","228.80","231.60","220.20","24.54M","-2.82%"
"2021-3-5","227.00","223.80","229.80","221.20","26.56M","-0.09%"
"2021-3-4","227.20","231.00","231.20","227.00","17.76M","-2.24%"
"2021-3-3","232.40","229.60","234.00","227.40","18.74M","1.31%"
"2021-3-2","229.40","234.60","235.40","229.00","28.44M","-2.22%"
"2021-3-1","234.60","234.80","236.60","232.40","25.78M","0.95%"
"2021-2-26","232.40","232.80","234.40","230.80","42.97M","-4.52%"
"2021-2-25","243.40","243.40","248.80","239.20","27.60M","0.25%"
"2021-2-24","242.80","247.60","248.80","240.00","31.21M","-1.94%"
"2021-2-23","247.60","246.40","248.80","243.20","24.37M","-1.20%"
"2021-2-22","250.60","256.00","256.40","249.80","30.92M","-2.49%"
"2021-2-19","257.00","256.00","258.00","252.40","27.54M","-1.31%"
"2021-2-18","260.40","263.40","263.80","260.00","29.51M","-2.47%"
"2021-2-17","267.00","263.40","269.40","262.20","36.93M","1.06%"
"2021-2-16","264.20","264.80","266.00","263.20","35.49M","1.23%"
"2021-2-11","261.00","261.00","262.00","257.60","13.58M","-0.38%"
"2021-2-10","262.00","258.60","263.00","257.40","28.95M","2.58%"
"2021-2-9","255.40","255.80","257.40","253.00","21.53M","-0.39%"
"2021-2-8","256.40","259.60","262.40","255.40","14.86M","-0.62%"
"2021-2-5","258.00","259.80","261.40","256.40","30.74M","-1.60%"
"2021-2-4","262.20","260.80","267.40","257.40","72.25M","0.46%"
"2021-2-3","261.00","249.80","266.00","247.20","58.49M","0.38%"
"2021-2-2","260.00","260.00","261.40","255.80","35.79M","3.50%"
"2021-2-1","251.20","246.00","252.00","245.00","27.61M","1.78%"
"2021-1-29","246.80","251.60","254.00","242.00","34.87M","-1.91%"
"2021-1-28","251.60","252.80","257.60","250.40","34.74M","-3.23%"
"2021-1-27","260.00","261.80","263.20","255.20","34.68M","2.60%"
"2021-1-26","253.40","255.40","256.00","252.20","33.32M","-1.78%"
"2021-1-25","258.00","252.60","262.80","251.00","47.79M","2.95%"
"2021-1-22","250.60","252.40","253.40","247.20","39.96M","-3.09%"
"2021-1-21","258.60","259.60","262.60","255.20","52.01M","-2.42%"
"2021-1-20","265.00","245.20","270.00","244.40","105.28M","8.52%"
"2021-1-19","244.20","245.00","248.80","242.20","35.73M","0.91%"
"2021-1-18","242.00","238.60","243.60","236.60","28.46M","0.41%"
"2021-1-15","241.00","238.00","244.20","236.20","56.72M","2.55%"
"2021-1-14","235.00","231.80","235.40","229.40","56.10M","5.00%"
"2021-1-13","223.80","221.60","225.60","221.00","25.52M","1.73%"
"2021-1-12","220.00","221.00","221.00","217.20","36.77M","-0.45%"
"2021-1-11","221.00","227.20","230.40","220.00","49.22M","-1.43%"
"2021-1-8","224.20","223.40","226.40","219.60","29.88M","1.45%"
"2021-1-7","221.00","221.00","221.80","216.40","47.36M","-3.91%"
"2021-1-6","230.00","228.00","232.60","227.80","31.46M","3.14%"
"2021-1-5","223.00","220.00","224.20","219.20","35.06M","-2.02%"
"2021-1-4","227.60","224.80","228.60","223.40","27.91M","-2.15%"
"2020-12-31","232.60","233.00","233.00","229.00","15.58M","-1.52%"
"2020-12-30","236.20","229.80","236.40","229.40","40.43M","6.40%"
"2020-12-29","222.00","216.20","225.00","216.20","42.70M","5.71%"
"2020-12-28","210.00","219.40","219.80","207.20","104.43M","-7.98%"
"2020-12-24","228.20","240.00","240.00","226.20","69.17M","-8.13%"
"2020-12-23","248.40","249.20","249.80","245.20","15.19M","-0.16%"
"2020-12-22","248.80","252.00","252.20","247.60","12.52M","-0.48%"
"2020-12-21","250.00","255.00","255.00","248.40","14.31M","-2.19%"
"2020-12-18","255.60","257.40","257.40","252.60","23.94M","-0.93%"
"2020-12-17","258.00","255.40","258.00","254.40","18.13M","2.79%"
"2020-12-16","251.00","248.80","252.40","246.80","16.28M","2.03%"
"2020-12-15","246.00","250.00","250.00","245.00","27.97M","-2.23%"
"2020-12-14","251.60","258.80","258.80","250.00","22.66M","-2.63%"
"2020-12-11","258.40","259.00","260.60","257.00","12.57M","1.17%"
"2020-12-10","255.40","255.60","256.20","253.00","21.32M","-2.07%"
"2020-12-9","260.80","262.00","262.80","259.40","17.02M","1.09%"
"2020-12-8","258.00","257.00","259.20","255.40","11.78M","0.00%"
"2020-12-7","258.00","261.00","261.20","255.00","16.02M","-2.27%"
"2020-12-4","264.00","259.00","266.60","258.40","28.04M","2.56%"
"2020-12-3","257.40","255.20","258.40","254.60","14.37M","0.86%"
"2020-12-2","255.20","257.00","257.20","254.00","17.52M","-0.78%"
"2020-12-1","257.20","256.80","259.60","254.60","19.62M","-1.61%"
"2020-11-30","261.40","264.00","264.80","258.60","19.45M","-3.04%"
"2020-11-27","269.60","271.00","271.00","267.20","11.58M","0.22%"
"2020-11-26","269.00","270.00","271.80","267.20","18.54M","0.75%"
"2020-11-25","267.00","274.80","275.00","264.60","27.98M","-1.11%"
"2020-11-24","270.00","273.00","274.60","267.80","41.40M","2.27%"
"2020-11-23","264.00","263.20","266.20","260.60","44.89M","4.35%"
"2020-11-20","253.00","251.00","255.00","249.20","24.97M","3.18%"
"2020-11-19","245.20","250.00","250.00","245.00","19.56M","-1.92%"
"2020-11-18","250.00","251.00","252.00","247.60","21.19M","0.08%"
"2020-11-17","249.80","255.00","255.60","249.80","27.73M","-1.65%"
"2020-11-16","254.00","253.40","254.60","245.00","40.50M","-1.17%"
"2020-11-13","257.00","258.60","260.00","252.40","42.01M","1.58%"
"2020-11-12","253.00","257.80","258.60","252.20","54.77M","1.85%"
"2020-11-11","248.40","255.00","258.80","248.40","116.69M","-9.80%"
"2020-11-10","275.40","283.40","283.80","273.00","63.86M","-5.10%"
"2020-11-9","290.20","291.40","293.00","289.40","35.79M","2.91%"
"2020-11-6","282.00","282.80","289.80","282.00","52.37M","-4.28%"
"2020-11-5","294.60","285.60","294.60","285.60","42.59M","6.28%"
"2020-11-4","277.20","272.00","282.00","272.00","101.17M","-7.54%"
"2020-11-3","299.80","300.40","301.60","299.00","17.26M","0.67%"
"2020-11-2","297.80","298.40","298.40","291.40","18.37M","1.57%"
"2020-10-30","293.20","301.00","303.00","292.60","26.85M","-3.11%"
"2020-10-29","302.60","300.00","305.60","299.00","24.07M","-1.56%"
"2020-10-28","307.40","304.40","309.40","304.20","27.85M","2.47%"
"2020-10-27","300.00","296.60","300.60","294.20","18.29M","0.67%"
"2020-10-23","298.00","297.80","300.40","297.00","15.07M","-0.67%"
"2020-10-22","300.00","298.60","301.60","297.00","14.38M","-0.07%"
"2020-10-21","300.20","300.00","303.80","299.20","17.44M","0.27%"
"2020-10-20","299.40","297.80","300.40","296.20","19.45M","0.74%"
"2020-10-19","297.20","298.20","299.40","295.40","19.70M","1.09%"
"2020-10-16","294.00","290.00","294.00","288.80","18.58M","3.23%"
"2020-10-15","284.80","290.40","291.00","284.20","26.87M","-4.30%"
"2020-10-14","297.60","298.00","298.00","294.60","27.64M","1.92%"
"2020-10-12","292.00","288.00","293.00","287.60","15.21M","2.03%"
"2020-10-9","286.20","291.00","293.00","283.80","22.21M","-1.17%"
"2020-10-8","289.60","289.80","289.80","285.20","17.18M","0.49%"
"2020-10-7","288.20","283.80","289.00","282.60","21.56M","2.93%"
"2020-10-6","280.00","279.80","281.20","277.40","18.02M","-0.71%"
"2020-10-5","282.00","285.00","285.00","278.60","25.23M","2.32%"
"2020-9-30","275.60","269.40","276.00","268.80","35.33M","3.84%"
"2020-9-29","265.40","268.20","270.00","265.40","16.61M","0.76%"
"2020-9-28","263.40","262.00","264.60","261.20","11.82M","2.09%"
"2020-9-25","258.00","264.40","264.40","255.40","15.32M","-1.15%"
"2020-9-24","261.00","264.00","265.40","261.00","16.46M","-2.25%"
"2020-9-23","267.00","266.80","269.20","264.80","20.30M","0.83%"
"2020-9-22","264.80","267.00","267.00","262.40","16.37M","1.07%"
"2020-9-21","262.00","267.00","268.20","262.00","20.93M","-2.82%"
"2020-9-18","269.60","266.60","269.60","264.40","20.94M","0.67%"
"2020-9-17","267.80","270.80","271.60","265.60","19.36M","-1.90%"
"2020-9-16","273.00","269.80","273.00","269.20","20.93M","2.09%"
"2020-9-15","267.40","268.00","269.60","266.20","19.67M","-0.30%"
"2020-9-14","268.20","266.80","268.60","264.00","16.06M","0.83%"
"2020-9-11","266.00","263.40","267.00","260.80","20.76M","1.29%"
"2020-9-10","262.60","266.80","268.00","262.00","25.53M","-0.23%"
"2020-9-9","263.20","262.00","264.60","258.60","27.07M","-2.37%"
"2020-9-8","269.60","270.00","271.80","262.20","27.61M","1.51%"
"2020-9-7","265.60","271.20","274.60","265.40","47.49M","-3.07%"
"2020-9-4","274.00","268.00","275.40","265.20","78.86M","-3.59%"
"2020-9-3","284.20","287.80","289.20","283.40","28.99M","-2.40%"
"2020-9-2","291.20","290.00","292.00","287.40","24.66M","2.97%"
"2020-9-1","282.80","279.00","285.40","278.20","24.21M","0.00%"
"2020-8-31","282.80","282.80","287.60","281.00","26.93M","2.09%"
"2020-8-28","277.00","277.00","279.60","275.20","29.54M","-1.28%"
"2020-8-27","280.60","282.60","284.00","278.00","28.07M","0.07%"
"2020-8-26","280.40","279.80","280.40","276.80","31.95M","4.16%"
"2020-8-25","269.20","270.00","274.40","266.60","30.71M","1.82%"
"2020-8-24","264.40","261.00","266.00","259.20","43.49M","4.59%"
"2020-8-21","252.80","251.80","258.60","250.60","32.08M","-0.86%"
"2020-8-20","255.00","254.00","255.80","250.40","22.88M","-0.16%"
"2020-8-19","255.40","252.00","256.00","251.00","15.23M","1.35%"
"2020-8-18","252.00","249.40","252.60","247.60","23.16M","3.79%"
"2020-8-17","242.80","242.60","246.60","241.20","20.85M","-1.62%"
"2020-8-14","246.80","246.20","248.80","244.40","12.61M","-0.56%"
"2020-8-13","248.20","247.80","251.00","246.20","12.49M","1.97%"
"2020-8-12","243.40","242.20","244.60","238.00","15.80M","-0.25%"
"2020-8-11","244.00","242.00","246.80","241.60","16.70M","0.66%"
"2020-8-10","242.40","244.80","244.80","240.40","26.04M","-2.73%"
"2020-8-7","249.20","256.00","256.20","240.60","36.24M","-3.04%"
"2020-8-6","257.00","257.00","257.80","253.20","15.97M","0.47%"
"2020-8-5","255.80","255.80","256.00","252.00","18.12M","0.79%"
"2020-8-4","253.80","250.80","255.00","250.40","24.91M","3.34%"
"2020-8-3","245.60","244.80","246.60","243.40","18.27M","-0.16%"
"2020-7-31","246.00","249.00","249.00","245.00","14.69M","0.49%"
"2020-7-30","244.80","246.00","249.60","243.40","21.72M","0.74%"
"2020-7-29","243.00","242.20","244.00","241.20","10.55M","-0.65%"
"2020-7-28","244.60","244.00","245.60","242.80","14.67M","2.34%"
"2020-7-27","239.00","240.80","244.20","235.60","18.24M","0.00%"
"2020-7-24","239.00","244.20","244.40","237.20","27.47M","-3.08%"
"2020-7-23","246.60","245.00","248.00","242.00","31.18M","-0.56%"
"2020-7-22","248.00","251.40","254.80","247.60","36.50M","-3.50%"
"2020-7-21","257.00","251.80","257.60","250.80","45.19M","7.26%"
"2020-7-20","239.60","238.00","241.80","235.20","11.35M","0.34%"
"2020-7-17","238.80","235.40","240.60","233.40","20.22M","2.40%"
"2020-7-16","233.20","242.80","242.80","231.60","34.28M","-4.19%"
"2020-7-15","243.40","244.00","245.20","239.00","23.13M","1.25%"
"2020-7-14","240.40","244.40","246.40","238.40","53.65M","-5.50%"
"2020-7-13","254.40","254.00","258.40","251.20","30.98M","-0.39%"
"2020-7-10","255.40","257.00","262.00","253.00","44.52M","-2.37%"
"2020-7-9","261.60","254.80","263.80","252.00","61.69M","10.01%"
"2020-7-8","237.80","231.00","238.60","231.00","31.88M","2.32%"
"2020-7-7","232.40","233.20","239.00","232.00","46.59M","3.11%"
"2020-7-6","225.40","224.00","226.80","223.00","42.49M","2.08%"
"2020-7-3","220.80","220.00","221.40","217.20","31.23M","2.99%"
"2020-7-2","214.40","211.80","215.00","210.20","31.02M","2.29%"
"2020-6-30","209.60","210.60","212.20","208.40","24.17M","0.10%"
"2020-6-29","209.40","211.00","211.60","208.60","33.82M","-2.42%"
"2020-6-26","214.60","217.00","217.00","214.40","33.16M","-3.07%"
"2020-6-24","221.40","222.80","224.80","221.40","30.21M","0.64%"
"2020-6-23","220.00","216.00","220.00","212.00","40.29M","3.29%"
"2020-6-22","213.00","216.20","216.20","212.60","28.17M","-2.74%"
"2020-6-19","219.00","217.00","219.80","216.20","27.30M","0.55%"
"2020-6-18","217.80","218.80","218.80","215.20","16.17M","0.00%"
"2020-6-17","217.80","216.00","218.40","214.20","21.39M","2.16%"
"2020-6-16","213.20","211.20","214.40","211.00","18.04M","3.09%"
"2020-6-15","206.80","209.80","212.40","205.40","31.72M","-2.45%"
"2020-6-12","212.00","208.20","214.00","207.40","25.06M","-0.47%"
"2020-6-11","213.00","218.00","220.60","211.80","33.04M","-1.21%"
"2020-6-10","215.60","214.20","216.80","213.80","19.04M","1.51%"
"2020-6-9","212.40","212.80","214.60","211.60","23.06M","0.00%"
"2020-6-8","212.40","214.60","214.60","210.80","17.99M","0.09%"
"2020-6-5","212.20","212.00","213.60","209.40","22.42M","0.57%"
"2020-6-4","211.00","213.00","213.00","207.40","22.86M","0.67%"
"2020-6-3","209.60","208.00","209.80","206.80","38.79M","4.80%"
"2020-6-2","200.00","201.60","201.80","199.50","22.82M","-1.38%"
"2020-6-1","202.80","200.00","204.00","200.00","26.83M","4.37%"
"2020-5-29","194.30","193.00","196.30","192.00","19.46M","0.41%"
"2020-5-28","193.50","195.40","196.50","191.50","30.92M","-1.93%"
"2020-5-27","197.30","198.90","199.60","196.10","33.14M","-1.84%"
"2020-5-26","201.00","200.00","203.20","200.00","26.83M","1.41%"
"2020-5-25","198.20","193.70","199.60","190.30","40.10M","0.00%"
"2020-5-22","198.20","205.00","205.00","196.00","40.23M","-3.88%"
"2020-5-21","206.20","209.40","209.60","205.60","23.27M","-2.27%"
"2020-5-20","211.00","211.00","211.60","208.60","22.53M","0.57%"
"2020-5-19","209.80","210.00","211.80","205.60","45.31M","3.35%"
"2020-5-18","203.00","198.30","203.00","197.40","26.82M","3.10%"
"2020-5-15","196.90","195.00","197.10","194.10","16.67M","1.23%"
"2020-5-14","194.50","194.50","195.90","194.10","19.25M","-0.92%"
"2020-5-13","196.30","195.50","197.40","194.30","26.07M","-1.70%"
"2020-5-12","199.70","198.90","199.70","197.20","14.04M","0.50%"
"2020-5-11","198.70","196.90","199.50","196.50","19.84M","2.74%"
"2020-5-8","193.40","192.50","194.80","191.60","17.85M","1.52%"
"2020-5-7","190.50","189.90","190.90","189.50","20.51M","-1.60%"
"2020-5-6","193.60","189.90","195.60","189.50","23.02M","2.71%"
"2020-5-5","188.50","187.70","189.20","186.90","27.11M","-0.63%"
"2020-5-4","189.70","189.80","189.90","188.20","26.90M","-3.71%"
"2020-4-29","197.00","196.50","197.90","196.50","14.85M","-1.01%"
"2020-4-28","199.00","198.00","199.20","196.30","19.94M","-0.80%"
"2020-4-27","200.60","198.50","202.40","198.50","13.94M","1.31%"
"2020-4-24","198.00","198.60","200.60","197.30","23.97M","-3.13%"
"2020-4-23","204.40","204.40","205.20","202.40","16.36M","-0.58%"
"2020-4-22","205.60","201.00","206.60","200.60","12.96M","0.69%"
"2020-4-21","204.20","207.00","207.80","200.60","17.78M","-0.78%"
"2020-4-20","205.80","205.40","207.60","203.40","22.88M","-0.87%"
"2020-4-17","207.60","210.00","211.80","206.20","33.40M","2.37%"
"2020-4-16","202.80","200.00","202.80","199.90","19.82M","2.48%"
"2020-4-15","197.90","199.00","201.20","196.80","20.72M","0.46%"
"2020-4-14","197.00","194.00","198.00","194.00","18.23M","2.76%"
"2020-4-9","191.70","191.30","191.90","189.30","13.16M","0.84%"
"2020-4-8","190.10","189.40","191.50","189.00","9.18M","-0.73%"
"2020-4-7","191.50","191.50","191.70","188.50","16.38M","1.54%"
"2020-4-6","188.60","186.00","189.70","185.20","18.25M","2.67%"
"2020-4-3","183.70","183.50","184.90","182.60","9.29M","-1.24%"
"2020-4-2","186.00","183.20","186.50","182.20","12.30M","1.09%"
"2020-4-1","184.00","185.40","187.40","181.10","22.81M","0.33%"
"2020-3-31","183.40","185.20","185.70","182.70","13.60M","1.72%"
"2020-3-30","180.30","180.20","182.10","177.50","18.13M","-1.96%"
"2020-3-27","183.90","186.00","186.00","182.90","23.92M","1.66%"
"2020-3-26","180.90","181.00","182.40","178.30","17.82M","0.67%"
"2020-3-25","179.70","181.00","181.70","177.80","28.01M","2.98%"
"2020-3-24","174.50","173.70","175.00","170.20","26.73M","2.65%"
"2020-3-23","170.00","172.50","176.90","170.00","37.54M","-7.10%"
"2020-3-20","183.00","177.00","183.00","177.00","27.90M","5.17%"
"2020-3-19","174.00","176.10","176.50","167.60","34.60M","0.58%"
"2020-3-18","173.00","177.80","181.80","172.80","58.60M","-5.57%"
"2020-3-17","183.20","182.00","185.90","175.00","36.87M","2.18%"
"2020-3-16","179.30","185.00","185.10","178.00","47.21M","-6.47%"
"2020-3-13","191.70","178.80","194.00","177.00","53.29M","1.54%"
"2020-3-12","188.80","192.00","192.20","187.20","41.84M","-4.16%"
"2020-3-11","197.00","200.00","200.40","196.70","17.86M","-1.15%"
"2020-3-10","199.30","197.00","201.00","193.60","28.57M","3.00%"
"2020-3-9","193.50","193.50","198.50","193.50","56.94M","-5.05%"
"2020-3-6","203.80","205.00","205.20","202.80","12.73M","-1.64%"
"2020-3-5","207.20","205.20","208.20","204.00","19.34M","2.47%"
"2020-3-4","202.20","203.00","203.20","200.60","14.55M","-0.49%"
"2020-3-3","203.20","206.20","206.60","202.40","19.16M","-0.68%"
"2020-3-2","204.60","201.20","205.00","200.60","17.00M","2.30%"
"2020-2-28","200.00","200.60","202.00","199.50","38.82M","-2.53%"
"2020-2-27","205.20","203.00","205.60","201.40","23.40M","1.08%"
"2020-2-26","203.00","201.80","204.40","201.00","29.01M","-1.74%"
"2020-2-25","206.60","203.40","207.40","203.00","23.47M","0.68%"
"2020-2-24","205.20","206.40","207.60","205.00","30.85M","-3.48%"
"2020-2-21","212.60","213.00","214.00","212.00","15.11M","-1.39%"
"2020-2-20","215.60","216.80","216.80","213.80","12.73M","0.75%"
"2020-2-19","214.00","214.60","216.80","214.00","10.18M","0.00%"
"2020-2-18","214.00","215.80","216.00","213.40","13.18M","-1.56%"
"2020-2-17","217.40","214.40","217.80","213.40","15.53M","1.12%"
"2020-2-14","215.00","214.40","217.00","213.80","15.93M","-1.01%"
"2020-2-13","217.20","217.40","218.00","215.00","20.55M","1.02%"
"2020-2-12","215.00","212.00","215.80","210.20","24.40M","1.32%"
"2020-2-11","212.20","211.80","213.60","207.20","29.38M","-0.19%"
"2020-2-10","212.60","211.20","214.80","211.20","23.43M","-1.30%"
"2020-2-7","215.40","215.00","216.20","214.20","14.22M","-0.92%"
"2020-2-6","217.40","215.20","219.20","213.80","18.78M","0.83%"
"2020-2-5","215.60","215.60","218.60","214.00","23.98M","1.13%"
"2020-2-4","213.20","208.40","214.80","207.20","25.04M","4.00%"
"2020-2-3","205.00","201.20","206.00","200.00","23.78M","2.30%"
"2020-1-31","200.40","204.80","204.80","199.60","18.26M","-0.69%"
"2020-1-30","201.80","207.20","207.20","199.80","26.42M","-2.70%"
"2020-1-29","207.40","205.80","209.60","205.60","24.95M","-3.36%"
"2020-1-24","214.60","213.40","215.40","211.80","7.58M","0.56%"
"2020-1-23","213.40","216.00","216.80","212.20","16.01M","-2.29%"
"2020-1-22","218.40","215.80","219.80","212.40","14.63M","1.20%"
"2020-1-21","215.80","218.00","219.00","214.60","20.24M","-2.00%"
"2020-1-20","220.20","221.00","222.80","220.20","11.23M","-0.09%"
"2020-1-17","220.40","218.80","221.20","216.20","21.25M","0.46%"
"2020-1-16","219.40","219.40","220.60","218.60","12.99M","-0.63%"
"2020-1-15","220.80","220.20","221.60","218.20","21.74M","-1.25%"
"2020-1-14","223.60","225.00","227.40","222.80","16.78M","0.36%"
"2020-1-13","222.80","219.80","224.60","219.60","17.69M","2.20%"
"2020-1-10","218.00","216.60","219.00","216.40","11.86M","1.11%"
"2020-1-9","215.60","214.00","215.80","213.20","12.26M","2.28%"
"2020-1-8","210.80","210.00","211.60","207.80","15.10M","-0.85%"
"2020-1-7","212.60","211.80","214.00","211.60","11.68M","0.76%"
"2020-1-6","211.00","211.00","211.80","209.20","11.30M","-0.47%"
"2020-1-3","212.00","215.00","215.00","211.20","11.31M","0.95%"
"2020-1-2","210.00","208.00","211.00","208.00","9.52M","1.35%"
"2019-12-31","207.20","207.80","208.20","206.20","8.81M","-1.61%"
"2019-12-30","210.60","211.00","212.00","210.40","9.97M","-1.03%"
"2019-12-27","212.80","211.00","213.60","210.80","10.77M","1.14%"
"2019-12-24","210.40","209.80","211.00","209.00","7.77M","0.96%"
"2019-12-23","208.40","209.00","210.20","207.80","9.89M","0.68%"
"2019-12-20","207.00","205.00","208.40","204.80","16.80M","1.07%"
"2019-12-19","204.80","204.00","205.40","202.60","7.53M","1.09%"
"2019-12-18","202.60","203.80","203.80","201.60","8.18M","-0.59%"
"2019-12-17","203.80","203.20","205.80","202.20","11.23M","1.39%"
"2019-12-16","201.00","201.60","202.80","200.00","6.62M","-0.50%"
"2019-12-13","202.00","202.80","203.00","199.40","18.58M","0.90%"
"2019-12-12","200.20","199.60","201.20","199.60","8.83M","1.32%"
"2019-12-11","197.60","196.20","198.40","195.40","6.53M","1.13%"
"2019-12-10","195.40","195.00","196.50","193.70","6.64M","-0.61%"
"2019-12-9","196.60","197.00","198.30","196.00","8.56M","-0.46%"
"2019-12-6","197.50","196.10","198.10","195.40","19.21M","2.65%"
"2019-12-5","192.40","191.40","193.80","190.90","17.93M","1.80%"
"2019-12-4","189.00","190.00","191.60","188.50","19.28M","-1.87%"
"2019-12-3","192.60","191.70","194.20","190.40","19.91M","-1.48%"
"2019-12-2","195.50","198.00","198.90","194.00","26.59M","-1.46%"
"2019-11-29","198.40","204.00","204.80","197.50","36.51M","-2.75%"
"2019-11-28","204.00","197.00","204.20","196.90","41.82M","5.59%"
"2019-11-27","193.20","190.00","195.30","189.30","53.62M","2.99%"
"2019-11-26","187.60","187.00","189.50","187.00","74.55M","-8.49%"